-- phpMyAdmin SQL Dump
-- version 5.2.1
-- https://www.phpmyadmin.net/
--
-- Host: 127.0.0.1
-- Generation Time: Jan 02, 2025 at 05:16 PM
-- Server version: 10.4.32-MariaDB
-- PHP Version: 8.2.12

SET SQL_MODE = "NO_AUTO_VALUE_ON_ZERO";
START TRANSACTION;
SET time_zone = "+00:00";


/*!40101 SET @OLD_CHARACTER_SET_CLIENT=@@CHARACTER_SET_CLIENT */;
/*!40101 SET @OLD_CHARACTER_SET_RESULTS=@@CHARACTER_SET_RESULTS */;
/*!40101 SET @OLD_COLLATION_CONNECTION=@@COLLATION_CONNECTION */;
/*!40101 SET NAMES utf8mb4 */;

--
-- Database: `ucheque`
--

-- --------------------------------------------------------

--
-- Table structure for table `academic_years`
--

CREATE TABLE `academic_years` (
  `academic_year_id` int(11) NOT NULL,
  `academic_year` varchar(20) NOT NULL
) ENGINE=InnoDB DEFAULT CHARSET=utf8mb4 COLLATE=utf8mb4_general_ci;

--
-- Dumping data for table `academic_years`
--

INSERT INTO `academic_years` (`academic_year_id`, `academic_year`) VALUES
(1, '2024-2025'),
(2, '2025-2026'),
(3, '2026-2027'),
(4, '2027-2028'),
(5, '2028-2029'),
(6, '2029-2030');

-- --------------------------------------------------------

--
-- Table structure for table `department`
--

CREATE TABLE `department` (
  `id` int(11) NOT NULL,
  `departmentName` varchar(100) NOT NULL
) ENGINE=InnoDB DEFAULT CHARSET=utf8mb4 COLLATE=utf8mb4_general_ci;

--
-- Dumping data for table `department`
--

INSERT INTO `department` (`id`, `departmentName`) VALUES
(1, 'Information Technology'),
(2, 'Technology Communication Management'),
(3, 'Computer Science'),
(4, 'Data Science');

-- --------------------------------------------------------

--
-- Table structure for table `dtr_extracted_data`
--

CREATE TABLE `dtr_extracted_data` (
  `id` int(11) NOT NULL,
  `userId` int(11) NOT NULL,
  `academic_year_id` int(11) NOT NULL,
  `semester_id` int(11) NOT NULL,
  `month_year` varchar(50) DEFAULT NULL,
  `week1` float DEFAULT NULL,
  `week2` float DEFAULT NULL,
  `week3` float DEFAULT NULL,
  `week4` float DEFAULT NULL,
  `week5` float DEFAULT NULL,
  `filePath` varchar(255) DEFAULT NULL,
  `fileName` varchar(255) DEFAULT NULL,
  `dateCreated` datetime DEFAULT current_timestamp(),
  `overall_total` varchar(5) DEFAULT NULL,
  `remarks` text DEFAULT NULL,
  `week1_overload` decimal(10,2) DEFAULT NULL,
  `week2_overload` decimal(10,2) DEFAULT NULL,
  `week3_overload` decimal(10,2) DEFAULT NULL,
  `week4_overload` decimal(10,2) DEFAULT NULL,
  `total_credits` decimal(10,2) DEFAULT NULL,
  `overload_pay` decimal(10,2) DEFAULT NULL
) ENGINE=InnoDB DEFAULT CHARSET=utf8mb4 COLLATE=utf8mb4_general_ci;

--
-- Dumping data for table `dtr_extracted_data`
--

INSERT INTO `dtr_extracted_data` (`id`, `userId`, `academic_year_id`, `semester_id`, `month_year`, `week1`, `week2`, `week3`, `week4`, `week5`, `filePath`, `fileName`, `dateCreated`, `overall_total`, `remarks`, `week1_overload`, `week2_overload`, `week3_overload`, `week4_overload`, `total_credits`, `overload_pay`) VALUES
(21, 207, 1, 1, 'November 2024', 65.73, 73.02, 63.03, 65.65, 0, '../../uploads/1734601715-6763ebf3e2709.xlsx', NULL, '2024-12-19 10:48:36', '267.4', NULL, 25.73, 26.75, 23.03, 25.65, 59.43, 101.16),
(22, 224, 1, 1, 'September 2024', 66.53, 66.97, 64.78, 63.95, 11.5, '../../uploads/1734604304-6763f610e1903.xlsx', NULL, '2024-12-19 11:31:44', '273.7', NULL, 15.50, 15.50, 15.50, 15.50, 54.23, 62.00),
(31, 229, 1, 1, 'August 2024', 57.78, 63.06, 62.34, 52.73, 0, '../../uploads/1735218466-676d55220c4a3.xlsx', NULL, '2024-12-26 14:07:46', '235.9', NULL, 12.75, 12.75, 12.75, 12.73, 27.91, 50.98),
(34, 228, 1, 1, 'August 2024', 64.18, 66.46, 56, 53.9, 0, '../../uploads/1735463036-6771107c8765b.xlsx', NULL, '2024-12-29 10:03:56', '240.5', NULL, 12.50, 12.50, 12.50, 12.50, 32.54, 50.00);

-- --------------------------------------------------------

--
-- Table structure for table `employee`
--

CREATE TABLE `employee` (
  `userId` int(11) NOT NULL,
  `employeeId` varchar(255) NOT NULL,
  `firstName` varchar(200) NOT NULL,
  `middleName` varchar(200) DEFAULT NULL,
  `lastName` varchar(200) NOT NULL,
  `phoneNumber` varchar(200) DEFAULT NULL,
  `emailAddress` varchar(255) NOT NULL,
  `password` varchar(200) NOT NULL,
  `designation` varchar(200) DEFAULT NULL,
  `profilePicture` longblob DEFAULT NULL,
  `status` enum('Active','Inactive','Archived') NOT NULL DEFAULT 'Active',
  `department` int(11) NOT NULL,
  `dateCreated` timestamp NOT NULL DEFAULT current_timestamp()
) ENGINE=InnoDB DEFAULT CHARSET=utf8mb4 COLLATE=utf8mb4_general_ci;

--
-- Dumping data for table `employee`
--

INSERT INTO `employee` (`userId`, `employeeId`, `firstName`, `middleName`, `lastName`, `phoneNumber`, `emailAddress`, `password`, `designation`, `profilePicture`, `status`, `department`, `dateCreated`) VALUES
(1, '2918302918', 'Shakira', 'G', 'Morales', '095311527522', 'admin@gmail.com', 'admin', NULL, 0x89504e470d0a1a0a0000000d4948445200000200000002000806000000f478d4fa0000000473424954080808087c086488000000097048597300000e4800000e48016b6f0dff0000001974455874536f667477617265007777772e696e6b73636170652e6f72679bee3c1a000056794944415478daed9d777c56e5f9ffbfa5969fad56b16ab575955a6bed2221843d42d82bac84303221618f30030442122032044159326428a0ece1c0010e54dc135150903d4440a4a87570ffce159fd810329e71cef39c73eef71fefd7ab2f4b92e7b9eeebba3e9f73eef57f4aa9ff03007b133138e772839b0cfe6d106d1067d0db20cb60bac1528335069b0d9e3278de6087c15b063b0d3e31386070dce08cc179831f3c9cf7fcb7e39e7ff389e767def2fc8ee73dbf73b3e76f2cf5fccd2ccf6788f37ca62a06371bfc9a3103b03f040120b4c2fe2b833f1b3432e86130c1e06183670dde3138e81168e530be363864f0aec15683e506130dd20c1a1bdc6e50911c00c00000b855e02b18dc66d0c020c520c7f304fd8247dc7f74a0b89bc58f1e93f0a2c132835c83548328833f49ecc821000c008013c4be92417d83fe06f30d5e73e8d3bb9dde22bc6eb0d06080c7445d43ae016000004225f4bf34f89b41bce7b5f666cfdc39a21d1ce4cdc9639ed8cb18dc2563426e02600000cc16fc5b3c42739fc11b06df20c2b6e31bcfd8dce719ab5bc85d000c0080af4ff7e19ed7f82b3d4f9b08ac73df14acf48c65386f09003000004505ff2a83a69e0568b2f2fe1cc2e95ace79c638d733e6575103800100d06b557e4d8f08bca6f92a7cddf9d19303b99e9c60d7016000005c26fa371a247b5e079f42f8a0144e79724472e5466a07300000ce13fccb3cdbf1f20dde36b880b8818f5cf0e44ebe27972ea3b6000300604fd1bfdaf3e4b6d6e02c02062673d6935b926357537380010008ade8ffd6a09bc12683ff22521024feebc939c9bddf528b800100088ee85fe1d9e7bd8efdf86093f307d67972f20a6a14300000e68afeaf0d3a1aace2685db031e73d39da911b1101030010d876bde6062bd89b0f0e3d7360852787d95e081800002f845fee93cfe66c7d7011073c397d33350e1800804b8fdf8df15caaf30382012ee5074f8ec7702c3160004077e1af6c30c1e008e2009a71c493fb95e9058001005d44ff5706b1064f73400f40410d3ceda9895fd1230003006e14feeb3cf3a02768fa002572c25323d7d1330003006e10fe3b0ce61a7c4d8307f08aaf3d3573073d043000e044e1af6bb09edbf60002baad506aa82e3d053000e084d5fc3297f92acd1bc0545ef5d416bb07000300b63b9e7780c15e1a3580a5ecf3d41ac70e030600422afc5779162d9da631030495d39edabb8a5e04180008f6137fa6c1291a31404839e5a945de080006002c15fecb0d06b3950fc0965b08a5362fa757010600cc14fe8a067d39b10fc011270c4aad56a4770106000211fecb0cd2b89807c091171049ed5e462f030c00f822fc72156fa2c1a734520047f3a9a796b99218300050aef84719bc4be304701552d351f438c000406937f3ada55102b89ab5dc400818002814fe2b0df20dbea5390268c1b79e9abf921e8801003d85ff17062906c76888005a72ccd3037e414fc400803ee25fc7e00d1a2000787a411d7a230600dc2dfcb71aaca4e1014009486fb8955e890100f7ddd237cce03c4d0e00cae0bca75770eb2006005c20fe61066fd2d800c007a46784d1433100e0dc73fb27197c4f3303003ff8ded343b85f0003000e3bcc670f0d0c004c600f87086100c0fec25fc96081c1059a160098c8054f6fa944afc50080fdc4bf83c1511a15005888f4980ef45c0c00d843f86f34584763028020223de7467a3006004227fe3106276946001002a4f7c4d08b3100105ce1ff8dc13c1a1000d800e945bfa1376300c07af1af6af0314d07006c84f4a4aaf4680c005823fc150c46187c47b301001bf29da74755a0676300c03cf1bfd9601b0d06001c80f4aa9be9dd1800085cfce30c4ed35400c04148cf8aa3876300c03fe1bfd260318d04001c8cf4b02be9e91800f05efcef34d845f300001720bdec4e7a3b0600ca17ff760667691a00e022a4a7b5a3c76300a0f455fef99ce30f002ebe4f209f5d021800b858fcaf35788a0601001a20bdee5a7a3f0600f1ffe9609ffd340500d088fd1c1c8401d05dfc530cbea11900808648ef4b410b3000ba097f45833934000080825e58116dc000e820fe3718bc42d10300fc8cf4c41bd0080c809bc5ff2e83cf287600804b90de78175a810170a3f837343843910300948af4c886680606c04de29f14c12d7e0000de20bd3209edc000b841fc73286800009fc9414330004e5ee9bf8c22866053bdff48d5b4ef0015dfbfb74aea9faebaf7efae7af64d56fdfa7453837a7756437ac6aae1e9ed55668f3605c8ff96ff26ff9ffc1bf9b7f233f2b3f23be477c9ef24b6100296b1430003e034f1af64f01cc50ba692314ed5ea9da1a2131355976eed54bfae4dd5e0d83a6a684cb81adce4afaa5fdd9b55f7f06b544a95ab2d417eb7fc0df95b057fd3f8dbf219e4b3c86792cf269f91b10293915e5a096dc1003841fc2b4770931f04488d7e235483e4eeaa655c8c4a6c535bf58cbe53f588b8d63271370bf98cf259e533cb6797ef20df85318500919e5a198dc100d859fc230c4e50ace02bb57b0e544de3daaa8e8dc2554af51b6d2ff43e637c27f96ef21de5bb32e6e007d25b23d01a0c801dc5bf6e04d7f8820f4ff88dba76566d9bd75609d56f729fe097837c67f9ee1203de10800f488fad8be66000ec24fe4d0cce539c50e6537eaf41aa554c13d5b9ce5fb413fcf29098486c2446e40a9483f4da26680f06c00ee2dfd6e05b8a124a2272e018d5b8732715d7e0ef08bd9748ac2466123b72084a417a6e5b340803104af1ef62f03dc508c5a9dba38f8a69594f25455c8fa8fb89c44e6228b124a7a004a4f776418b3000a110ff34831f294228a45a46b66ad2a983ea5ce77604dcf42982db0b622b3126d7a008d283d3d0240c4030c53fc3e002c50785fbf31b7589575d6bde8a585b8cc45862cd79035004e9c5196813062018e23f868283421a2626f1c41fa23702127b72108a30068dc2005829fe93293210eaa7a6ab4ef5ef428c438c8c818c0539091e26a3551800c41f2ca156efc1aa637415c4d766c898c8d890a38009c000f0da1f4ca7717cac4aaa7a1d826bd75d03c6d8c81891abc0740006c0cc057f1494cea7f6f5cf541d1a5545641d828c958c19b9ab3d2c0cc40004bcd58fd5fe1a139594ac1222ff80b03aeda86163cc64ecc861ed7707b0451003e0f7213fecf3d7f604bfac82436810536723632863494e6b7d4e00870561007c3ede9713fe343eb3bf4baddb1050972063c91d03da9f18c8b1c11800af2ff6e16c7f5d8ff04deba312aadd8870ba6d4ac01853195b725cebbb03b840080350ee95bedceaa7290d527aa8a4aa9cddefde5d02d7178c31b9aef52d825c258c012851fc233c774d53283a9ee89790a092c37f8750ba1c1963196b725e5ba4c747a0791880a2e25fd9e004c5a1effefee4b04a08a42e26c0186bce0bd01ae9f595d13e0c80887f25835d14859e34efd01a51d414197b6a405ba4e757c200e82dfe150d9ea318f4a445fb1608a1e6480e500bda22bdbf2206405f03b08c22d093e8ae5d1040284072819ad0966518003dc53f87e4d777ab5f52f8b5881ffcb43bc0c805b6086a4d0e06402ff14f22e9353dd7bfdf70d5adfa4d081f5c84e484e40635a22d4918003dc4bfa1c17724bc7e541b344675aa772782072522b9213942ad68896842430c80bbc5ff2e833324bb9eb46b5a03a18332911ca156b445b4e12e0c803bc5ff0683cf48725d57fcb744e0c0cb9d012da9197d118db80103e0beed7eaf90dcba5ee99b82b0814f48ce503bdaf28a2edb0375310073486a7daff5ed56e366440d7c5b1468e40cd7086bcd1c0c803bc43f8564d69736ada21034f00bc91d6a486b523000ce16ffaa06df90c87a52af476f95c219ffe02f46ee480e514bda22da511503e04cf1bfd6603f49ace996bf8c6cd5b9ceed88180484e490e41235a52da221d762009c25fe150c9e227975bee4a7150206265d1ad48a9ad21bd1920a1800e718807c92565f6af5cee0a85f30f5a860c9296a4b6bf23100ce10ff76061748587d898dfa17c205a62239456d698d684a3b0c80bdc5ff4e83b324abbe34eed209c1024b90dca2c6b446b4e54e0c803dc5ff4a835d24a9de0bffbad6b805b1024b90dc6241a0f688c65c8901b09f01584c72ea4da32ef10815588ae418b5a63d8b3100f612ff389212bad4ae8c4881a5488e516b209a8301b087f8df6c709a84d49b86090908140405c9356a4e7b44736ec600847ebfff369211e2ebfe157182a020b946cd81477b2a6000426700469084d02039156182a0223947ed816810062074e7fc7f4702425c837f204a105424e7a83df06850550c4070c5ff37061f937c50af7b4f04094282e41e35081e2dfa0d06207806601e490742c7e830c4084282e41e35081ee661008223fe31241b08b57b0d448820a4480e528be021060360adf8df6870924403a165dba688108414c9416a113c8836dd8801b0ce00ac23c9a090ae356f438420b4c7031b39482d4211d66100ac11ff0e24171452b7471f04086c81e422350945e880013057fc2b191c25b1a090d6ad1b223e600b2417a94928826855250c807906600149053f93314e75ab7e13e203b64072517292da84222cc0009823fe510617482828a47e4a0f84076c85e424b5094510cd8ac2000426fe971bec2199a028312dea203a602b2427a94d288668d7e51800ff0dc02492088a526dd05895187103a203b642725272931a85624cc200f827fe6106df934070d1b5bf8989080ed8f39a602337a951288668581806c037f1ffa5c19b240f14a75dd3ea880dd812c94d6a144a40b4ec971800ef0dc03092062e79fd9f91ad92aa5e87d898446a18313013c94dc9516a154a601806c03bf1bfd5e03c090397defcd70ba13191a151b71007d36f08ec45ad424988a6dd8a0128df00ac2459a0249a776889c898485eccdf559f1abf27162622394aad4229acc400942dfe75481228f5eadf86ff46644c647ae70835a2d19f88859957041b394aad4219d4c100942cfebf3078830401e6ff83c3ca814dd58c2ed58805eb00207888c6fd020370a901482139a0d4f9ff1eccff9bcdebd3bbabcda3da120bb3d701f4601d0094490a06e062f1bfd2e0188901a5cfffb7425c4cdd0150497db1668cda35af1ff1307d1d402b6a16ca42b4ee4a0cc0ff0c403e490165ceff4757415c4c644a5c98facfe63c756e53ae1a1e7d1b3131731d8091abd42c94433e06e027f1af6cf02d0901ccff078ff766f52a3000c2d3e3e28809eb0020b888e655c6000cce594b3240d9f3ffbd11161319dff61f3f8bbf7076c3389551ef666263ea3a80ded42e94c75aad0d80e7aa5f1201ca99ff6f8da898bcf8afa80110580c68f63a80d6d42e7843949606c0f8e2150cde250180f9ffe031b6c55f2f117fe1f4bab1aa7fad1b8911eb0020b8880656d0d1002432f8e00d4911d7232a26f1d2a4c4120d80b076283b2d4c5b0760e42cb50b5e92a8950130bef065069f32f0501eb5fa0c41504c22bffd3f0b56fd976600645b203b02cc4372971a062f102dbc4c270390c6a0833744252523262630a8ee4dead823234b15ff42762f18a0d2ab5d4bcc4c4072971a062f49d3c200185fb4a2c101061cbca159c736884980f4a87a8d7abfc8b6bff2d89ad799b89980e42e350c5e229a58510703d097c1066f69dbbc36621220b2c2df5bf12f64615a3d62172092bbd430f8405f571b00e30b5e6e708481066fe954ef6f884900ccec16e9b3f80b5fae1fa7b25bfe95180680e42e350c3e20da78b99b0dc06006197c213182fbeafd25b37165756aed58bf0c8070f0a161aa6fcd1b88a59f48ee52c3e023835d69008c2f7685c1090618bca566df610889bfe2dfa8b23af4f070bfc5bf905d0ff4e37c8000901ca696c1074423af70a301c86470c1171a24774744fc604cf33bbc5af1ef2d9f3e98a132eadd446cfd4072985a061fc974950130bed05506a71858f085a6711c4febf339ff317f572757679926fe851c58368c3302fc4072985a061f11adbcca4d06209b41055f8969c94a749faef88dad5270a4afd9e25fc8d195992aabd95f88b50f480e53cbe007d9ae30009eb9ffd30c28f84a5c83bf23223eacf63fbb21c732f12fe4f355a3556e6b7666788be430b50c7e703a186b01826100063098e00f09d5587ce60d4b7a372cf3885fb339bd76ac9ade3982d87b81e430b50c7e32c0d106c0f802bf34d8c74082afd4e89f898094439f1abf2ff3721fab796c743bd5a3eaef188b72905ca6a6c10f443b7fe9640310cb20823fd4ebde13f12883712def5407960d0d99f817dd2638ac218b03cb4272999a063f8975b201789501047f689890807894c2d23ed14199eff716b945f0be84ea8c4d29482e53d3e027af3ad200181fbc2e83077e6f01ecd41ef128869ccab7636ab26d84bf385bb263557a0437095eb215d0c8656a1a02a0ae130dc07a060efca565bb6688471126b6fb873af4d030db8a7f217b160e64ab60312497a9690880f58e3200c607bec3e047060e38032030fad5ba513d9b1b6f7be12fca571b73d4c6cc18d533f23ac690b3002070444bef70920198cba041207468cc36b379a9b5d5f14747394afc8b5f26744fa770edc75172999a860099eb0803607cd0eb0cbe66c020103ad5bf4beb5bfcdeb9afa76385bf382f4d4ed4fa2e01c9656a1a024434f53a2718008efd8580e95a53bfad65b2806ef59096eaec8671ae11ffa23b05e4c0a2eee195b41b57c9656a1aec783cb0d9e2ffab08aefc051348aa7abd562231a34b35f5d99221ae13fee27cf4403f95dffe9f5a8dade432350d2620dafa2b3b1b000efe8180891c3446abd5fd3be7f671bdf017e78de9dd0bae2dd6659c25a7a96db0dbc140661b80a7192008945a7d86b85e1064abdcebd352b513fea29cdb94a75e98d8558b930425a7a96d3081a76d69008c0f56d9e0020304011f03dca3b76b856068d4adeab9f15d0ac44f67f12f8a9c6af8c4980e6a609d3fbaf7386023a7a96d3001d1d8ca76340013181c30e518e0c444d709c0803a7f28b83cc78d0bfcccbc6570edd05605971cb9ee386023a7a96d308909b632009e5bff8e303060064de23bbaa6f10f69704bc1d3ed99f5d988bc0f3b06368c68e3aa370292d3d43698c411b36e0934cb00c4302860162ddab7707cc31fd9b8b2da9a175f702a1ea2ee1f629ab68ced58306de2f47c909ca6b6c14462ec640036332060166d5a35706ca3cf6ef1d782836f98e337f368e15cf5dc842e6a74d3db1d9b1792d3d43698c8665b1800e383dc6cf003030266d1b6796dc73578d9dbfec6bddd116c8b770dc86d88796d9c774aa4e434b50d26229a7bb31d0c0027ff81a9b46b56c3114d5d16abc9e9769f3e9881400799dd0b06a885e9f555efeace38304a729ada06bb9d0c18a8f8573038c0408099b46f52cdd6cd3ca7d5df0a6ee83bb38e857da1e6d4dab16a4b76aced0f15929ca6b6c164447b2b84d200346710c06c3a34b2df0d72bd22af530bd3eaa98fe7f747786d8a9ca8382fb58e4aaf76adfd6e0434729ada060b681e4a03b0820100b3896df86fdb346e79b29495e8b2350d917506275767159cb930b2c99f6d934792d3d43658c08a901800e30fffdae01c03006613d7e01fa1bd95cf78829c975a5bcb33faddc6bbf7f754b3126ba81e557f17d29c929ca6b6c10244837f1d0a03d091e0831574aaf7b790eddd9727477982443cddc5f14747151c2e14aa7b0724a7a96db0888ea13000ab083c58417cdde02de89255e473926b153c2922947a6c257cf3de1eeabe84eaaa67b5eb82966792d3d43658c4aaa01a00e30f5e61709ec0831574a96deddc6d7ac4b56a46d76a6afba40456f26b7ef7c0f313bbaa69f1552d9f22909ca6b6c122448baf08a6018827e860155d6b9aff9ab647d56bd494b830b56d7c6716f441890b079fc9e9a42675fcb7ea1e5ec9f4fc939ca6b6c142e2836900d61170b08a6ed56f32a5e9a686555213dbfd533d951dab4e3c3a0aa103af38f6c8c8820b9cc6c7fcddc821730c80e434b50d16b22e2806c0f843bf35f8868083552454bb31e0837a368f6aab8eac1881a041401c5e3e5c6dcc8c51d92dff1a504e4a4e53db6021a2c9bf0d8601e846b0c14a9222fc3fdef5e5c989081758c21bd3bbfb9d9792d3d436584cb76018804d041aac2439bcfc0559ddc34a9ea73db22213b1026b160dae1b5bea545379f92a394d6d83c56cb2d400187fe06a83ff1268b092529fa2aa5eaf52ca68b6b2d08f6b78c14afad52a6b7aaa9291a3a56f2da4b6c162449bafb6d200241364b0926a83c616796aba4675ab71cb4fc2efe59e7e440aac24a39e770b54c50874ab7173410e17fe37c96d6a1c2c26d94a03b096008395440e1ca3e2a2fea9bad6bcd5e779d6fec6d3192205563234ea16df7700184620aec1df0b729b1a078b596b8901307ef165066709300483da3d07a89896f55452b8f737bb0daa7b13220596323cdafb332a64de3fa6451d55c7c8656a1a828468f465561880fa0417824d8dfe99aa45bbe62a31e2f7e5365c793d8b48819578739780acf86fd9b6a9aad16f04350ca1a0be1506209fc042a8a8d96768c16bd4b21a6f5ac4ef1029b0943e357e5fcea53f77aa5abd0753b3104af2ad30006f13580815b586e6a8d19372d49494a8321b3037f981559c599f5d66ee4d4eaaa772a78e53f58651af1052de36d50018bff046830b041642c1c469b9eae8baff35e2a57da24b6dc27b176720566009071f1a566ade2d4aaffff316d4931bf2d4ecfb7355e4106a17428268f58d661a00b6ff41489efad72ec82db1192f48ab5762237ee73eaef5056bd839b74f89393737a55689e74f6c5b9aaba28653c760dfed80de1a8095041482cd638b724b7f1dbb2e5b8d68f4a74b9af14b93380a18ace1d57b522ec9b7a151b7aa536bc796fa33af2fcfe34d00848295a61800e3175530384540219864e4e796db903f98ddfb926358b7e6c5235660092fe6772b7604b0bc714a2ff7e7264dcfa5a621d888665730c300d42498104c6411d581b5de35e585e9f52f6aca8f67b547acc0129e1e177751aecd4badedd5cf7db1214fb51c455d43d0a9698601c82590104c3227e57add943f7d30e3a2a6bc6e786bc40a2c41ae982e9a6b1fcfefeff5cf4e9fc15b00083ab9661880d7082404938d0b737d6accf9edfff973535e35b83962059620e6b230cf72dbdce5d3cfee78388fda8660f35a4006c0f8055719fc4820216827ff0dc95127d6fbd69865e15fe16d809f2d198c588165db00d3237e3a9afab9095d7cfad9af36e5a98623a86f082aa2dd570562009a11440826a9b9393e37e6739b72d5ebd352d55b337a205460296fcf4c2bd80df0d5c65c9f7f76d8dd4c0340d069168801c82380104c464dce4568c095dc732f0600824e5e2006601b01846032f55e0c00b89345b331001074b6f96500227ebafef73c018460b2703606005cba8870010600828e68f865fe1880488207c166dd020c00b893e7976200202444fa630032081c041b393f1db10037f2ee4ab6024248c8f0c700ac2170106cb62ec100000600c044d6f863008e113808369b176100c09dec7808030021e1984f06c0f881db091a848255f33100e04eb6b1060042c7edbe1880240206a160c91c0c00b893c71fc40040c848f2c500cc2760100ae6dc8f010077b2663e060042c67c5f0cc007040c42c13d333000e04e1e9e87018090f1815706c0f887150dbe2760100af2eec100803b79601606004286687a456f0c40158205a1a2ef040c00b81331b7d43884902ade1880440205a1a25d560e6201aea4f7780c008494446f0cc0140205a1a2e6d09c82bbd3110c701b6d4653df1052a6786300b6102808257b572316e02ec4d4561f426d4348d9e28d01384aa020946c5fc63a0070179face21440083947cb3400c63fb8962041a87974de3844035cc50b9c0208f6e0dab20c40430204a166615612a201ae62056700803d685896011848802094d44f4d5733bb45221ae02aeeb9170300b6606059066021018250516dd018d5a5d66d2aabd95f100d701583266200c0162c2ccb00bc4e802054b48a69a452aa5cadba875fa3be5ccf3a00700f2d4651df600b5e2fd10018ff470583f3040842419df47e2a39ac528101103e9cd717e1005770682d3b00c03688c65728c900dc46702054c435f8c7cfe22f3c39b623e201ae60eb125eff83adb8ad2403d080c040286898907091f80b0f74af8b78802b902baea973b0110d4a320029040682bff06facea5af3d64b0cc098e677201ee00a32f23100602b524a3200390406824df30ead2e117fa147551602020b00012c20a72403b094c04030a9d16fb84aaa7a7d8906808580e0060eaf630120d88ea525198017080c0493b6cd6b972afec216160282c3d9c60240b01f2f9464000e1218081675d3faaa9422dbfe4a6256524d44041ccdbd333000603b0e5e64008cfff02b831f090c048bd886ff2a53fc85feb56f54e7362122e05c3a6753eb603b44eb7f55d400fc99a040b0a8d7bd67b9e25fc8470ff44348c0b1070055a3dec19efcb9a80168444020784ffffff6da00ac1bd60a310147b26e01afffc1b6342a6a007a101008cad37f8f5e5e8bbf30b1dd3f1013702499933000605b7a14350013080804838ed1557c3200721ec0a9b563111470145f6dca53d123a877b02d138a1a8087090858fff4dfdb27f12fe4e5c989880a388ad71e66ff3fd89a878b1a8067090858fff41fe6970198121786a880a3183385d7ff606b9e2d6a00de212060edbeff3e7e89bf901a76b5dabf7428c2028ee0e8ba3c557b28350fb6e69da206804380c052da35ade1b701101eead708710147b068364fffe08cc3800a0dc0790202569ef99f1cfebb800c40bf5a37aa33ebb31118b035e70c624653f3607bce171800e37f5c4e30c04a5ab46b1e90f817f2d8e876880cd89acd8b78fa07c770b918809b08045845b58c6c9510f947530c40cfc8ebd48165ac0500fbcefd37cea4e6c131dc2406e0df0402aca251d72ea6887f21f9edffc5fd00604b464fe6e91f1cc5bfc500441308b08a4ef5ef32d500141c0f3cbc358203b662e342c41f1c47b41880380201d66cfdeb6bbaf817b2ac4fb43ab72917f18190337f562e97fe8013891303d09b408015b469d5c03203507040506c15f5ce7de94c0940487863799e1a76374ffee0587a8b01c822106005ddaadf64a901286470835bd49ce45a6a71af28b5726053b521330681025359603ce5df3b3357e54fcb5559537255fb2cea1b1c4f961880e90402ec74f25fa0740fafa44eaece42b8c0148eafcf539143a869701dd3c5002c251060362ddb3609990110b6e6c5235e600a6be6f39a1f5cc95231006b0804984d97da95436a0026b6fb27e205a6d0230f0300ae648d1880cd0402cca476af412115ffc20b840e2c1b868041407cba3a8f15fee056368b01788a40809934efd02ae406405835b80522060131eb3e9efec1b53c2506e0790201a61efe53ef4e5b1880a151b7b2451002bad8a73517fb807b795e0cc00e02016651b3ef305b887f21724e006206fef0d2329efec1d5ec1003f0168100b368daa9bdad0cc0dc94da8819f885ecf7a7a6c1c5bc250660278100b3886df82f5b1900b941f0d4dab1081af8c4c90d79aace30ea195ccd4e31009f10083083ea0346aae4b06b6c65008467733913007c63357bffc1fd7c2206e00081003368d425de76e2ffd39900ff40d4c0b7bdffb9d433b89e0362008e130830830e8d236c6900e44c80fd4b87226ce0157b56b1f71fb4e0b81880330402cc20a9eaf5b63400c2a319cd1137f08afbd8fb0f7a70460cc07902018152abcf10db8aff4f6702dcc29900e0d5deff56a3a867d082f362007e20101028518949b63600c2db33391300ca663b7bff411f7ec0008049c7ffb6b4bd01989b520b918332193d1903007a1900a6002060da35ad617b032067027cb1660c420725f2397bff41c32900160142c074ae73bbed0d80b0313306b1831259389ba77fd06f1120db002120aa6564abe4f0df39c2000cacf34775667d36820717717a639e6a92492d837edb0039080802a276cf018e10ff429e18d301d1838b78781e4fffa0e741401c050c0111ddadaba30cc09006b7a8af36e6207c50c0d94d79aa255bff40d3a380b90c0802a265dba68e3200c2d63cee07809f58c3b9ffa0273bb90e184c3802b8aae30c4066a3caeadca65c045073be329efedb6751c3a02505d701ef201010085d6bdee63803206cbf3b0111d49cc716f1f40fdab2430cc0f30402fc2572d018951256c9910620abd95f381e58f3637fe3c752c3a02dcf8b01788a4080bfd449efe748f177dd5a804db9eaccfd19ea586aac3ad4aca93adca6853a1cd7461d4beba4be1897aebe5c30ace0df942b8a1b72d497f387a99363d30a7ed7918eadd5a156cdd5c1c68dd5d1c40eead4c4de05ff86b97f00c7f3941880cd0402fca57e4a9aa30dc0a0ba37a9d36bc73a5af84fdddd571de9145320d26571a8653375bc7f5775fabe8c8b44fcdcc65c757ae62075bc5f5775a845b3727fcfe1b818f5e5dc218e16ff2f36e4a96623a95fd09acd6200d61008f097a8a464471b00275f157c6e4db63ad623ae5cc12ed10c184ff52706251450f884ef134d9aa82ff27a71e52f807359230660298100bfcf0048e8e67803905eed5a7578f97067ad5e5f36b2e015bf3fe26f269f67a67a35b560273e5b93a76a0fa576417b968a01984e20c05f1a758977bc01106627d7748c80c95cbf5f4fed1621d30a4e5a17308a1bff0084e96200b20804f84b93f88eae3000a96157ab0fe7f6b5ff99f5330616bc7eb78bf8172253114e30016f2ccf53d5a85b00214b0c406f0201fed22c36c6150640c86b7397adb7057ef9c05075a87953dfc4b95123df05ddf899fd7efc9c2c22b4f374806cfb4bcea166013cf41603104720c05f9a7768e91a0360e78b82ce2ec92cf1b5bf08f5bee868f569c3866a4f5494da6df0518306eac3faf5d5ce7af5d407063b8dfffd91c11ee3dfc8bf3d5082b87f66fcb74f8cffff63e3670b7faee0670d76193f2bff5d7eb7fc1bf95b7b4bf93d2747a572e10f8033881303104d2040a77b00caa257e475ead043c3ecf5e4ba3a5b1d6edfea67c117f1fdd810e30f8b08b5afecf208ba2066c1dfdf233f2bbfe353e33315be353835c97e53297b57e7a9bac3a8578022448b01a84220c05f5ab7897695011026c756b195781d1f965c20fa810875b090b705fb1a3752676665d82a867dc6f3f40f508c2a62006e2610e02f6d5ad6779d01109ecdb5c709815f3d3a46ed6a18657be1bfc4084447a9b3abed71c0d26a4efc0328899bc500fc9a4080bfb46d5edb9506a06fcd1bd4911599f638b56ece60f561a3868e117ff9acf299ed10bb036bf354d470ea14a0047efd7f4a2931015f130cf087f64d225d690084e99d23ecb30360c568b537b9bdedc55f3ea37c56bbc42d239fa77f8012f85ab4bfd0001c2220e09701685addb506c04e53013faf0798d257ed6ad6c87eaffc8dcf249fcd4eb1e2d53f40a91c2a6a00de2520e0d722c0d60d5d6d007a56bb4e7dba6890bd8e015e35567dd6bb936dc45f3e8b7c263bc568e72379aa0eabfe014ae3dda206602b0101ffce0168ed6a03208c6cf267757a9dfd6e0c3c79ff20f549b7989009bffc6df90c76bce9afe3186a13a00cb6163500cb0908e87c174079cc4bad6ddfe381170d57fbfbc4ab9d510d2c177df91bf2b7e46fda351e63a6f0ea1fa01c96173500130908f84383e4542d0c80b0352fded6e7dc9f7d748c3a9c996cc91a01f99df2bbe56fd839066b98f707f08689450d401a01017fa8d373803606c08eeb014a3c39707d8e3a96df5b7d9ad84eed8cf6ff0c01f959f91df2bbe477dafd7b33ef0fe03569450d40630202fe50bdff486d0c8030ace1adeae8ca4cdb8be1cf666063ae3a357fa83a32b6bbda971eab3ee9d2467ddcb6b9fab049f4fff6ed1bff5bfe9bfc7ff26fe4dfcacfc8cf3ae57b1e5c9ba7da8ca61e01bca4715103703b01017f490eff9d562620abd95fd4c9d5598e11c752cdc1861c475ce15beed6c8f579aad358ea10c0076e2f6a002a1afc4850c01fbad5b8592b0350707570ccdfd59975d98e174fa7736a639e4ae18a5f005f10adaff8b301e0302008844ef5eed4ce000853e3c2d4571b7310e2502d7adc94a7fa4d60d11f803f87001537002f1218f0870e8dab6a690084d94935d5b94d8871d0a72f0c464e46fc01fce0c5920cc0320203fee0d61b01bd6571af284439c84c9c86f803f8c9b2920c402e81017f6816db566b0320ac1ed202610e12b3ef43fc010220b72403904a60c01feaf5e8adbd01109e18d30181b69887e721fe0001925a9201882230e00fd5068dd56e2b6049a48655522f4cec8a505bc4c685b92a7208f5061020512519803f1118f07f27c0df780b60d0a3ea35eaf5e9dd116c93d9b62457d540fc01cce04f2519800a065f131cf007b75f0bec0be911d7aae7791360ea937fada1d418800988c657b8c400784cc01b0408fc21ba6b17c4bf182b07352dd8ae8688fbbfd56fc64ce6fc014ce48da29a5fdc002c2240e00f35fb0c45f44b607c9fb6eacc46c4dc57246619f9883f80c92c2acb000c2240e02f09917f44f48bd1383e56a5e7e6a8af1c74b14ea8915849cca82900d319549601882640e0ff898011887e31648ba4c4e6d54559eacbf51c1b5c1e12238915f5046009d1651980eb0810f84bf30ead11fd62440e185d109b59d3c6a8830f8d52a7d68e43e84bbbd8c7888dc44862453d0158c275a51a008f09384a90c01feaa7a623fa45902991c2d8a48dcb2e1037e1f3556311fc62484c0ae323b1a29e004ce76871bd2fc9006c2150e0df8140635452d5eb107f0fb151fffc3936b28d6defd2513f8bdcb147c6a8739b58172031905814c64562c4963f004bd8e28d01984aa0c05fda35ad8ef87b904b928ac666f39cac9f854e38bc7cb43abd4edf2901f9ee1283a23191185147009630d51b039048a0c05f1a262622fe1e9ac6b5bb2836774f1e7b91d81572dc7802d66997807cd7e3459efa8b2231a28e002c21d11b0350854081ffd300635552c4f518008306c9a917c5a66f6e7689a2271c7a7894fa624db6ebc55fbea37cd7d2e22031a28e002ca18a3706a0a2c1f7040bfc9e066856130360208723158d4bcca871a50a5f21475764a9b31bdcb75d50be937cb7f2bebfc4881a02301dd1f48ae51a008f09f8808081bf4425256b2ffeb218b2785caa0fc9519f2d1b55ae0816ee1438b7c90d8bfc2e5ee15f16129bea5cf80360051f94a4f5a51980f9040c029906488cf8bdd60620beee1d25c6e6e505a3bd12c3c24582671cbc48f04c098bfcca426243fd0058c27c5f0c401201834068dbbcb6d606a07d93c812e3f2e8fd595e0b6221475664a9d30e3a40483eeb9115be7f4f890db503600949be1880db091804340d909caab501886959afc4b84c9b3ac667612cfa464016d1d9716a403e937c365f9ef88b23b1a176002ce176af0d80c7041c2368e0f7344046b64aac7683b606a0554ca312e332787cb6df02f9bf1d03a30be6d5edb075503e837c16f94c817e2f890db503603ac74ad3f9b20cc01a020781204fc1ba1a8016ed5b961893b8ac71010b65514e3c3a467d19825d03f237e56f9bf95d2436d40d80e9acf1c70064103808843a3d07687c0850fb1263527b688e3a60a268fe3c3d603c818b20cbe97a561c312cbf537eb7fc8dc3263ced174762529b238001ac20c31f031049e02050621bfe5b4b03d0a84b7ca931797391f9027ac979022bb3d4c9d5d9019d29203f2bbf437e97d59f576242bd005842a43f06e03283f3040f381ad877a213124a8dc9c6d9d60b6af153068fac18ad8e19422e4ff027578f55a7d664176cd313e47fcb7f93ff4ffe8dfcdbb24eebb3028909f502603aa2e197f96c003c26601b018440cf04480ebb463b03d0243eb6d498acb82fb806c009484ca81700d3d95696c6976700f20820048aec89d76e0aa06be752e3b178c61844bf1812136a05c074f2023100cd0820044a8dfe230d51acc414808779d33100c59198502b00a6d32c10037095c18f0411025e0c18f54fad0c40546272a9b198790f06a0381213ea04c05444bbaff2db00784cc06b041202a576af0cad0c40c3846ea5c662f294b1887e312426d40980a9bc569ebe7b63007209249841e73a7f611ba0c1f8491880e2484ca8110053c935c300d424906006f5baf7d2671740a70ea5c6614c3e06a03812136a04c0546a9a61002a189c2298c05b00ef69161b536a0c864fc000144762427d009886687685800d80c704ac24a060caf1c0e9fdb4be0b401898978de8174362427d0098c64a6fb4dd5b03904c40c12ce2ebfdd5f506a065dba6a57eff4118804b18840100309364330dc08d0617082a98b3236090eb0d40eb36d1a57effb1ac01b884b1ac0100300bd1ea1b4d33001e13f0368105b388ab7f97ab0d409b560d4afdeef74ce11c80e2484ca80b005378db5b5df7c500e41358308b5abd07bbda00c4b4a853ea779fcf498097309f930001cc22df0a03509fc08299748c0e73ad01e8185da5d4effdc8fd5c06541c89093501600af5ad3000723df059820b66113970b46b6f0aec5cfbcfa57eef27e762008a2331a12600024634fa32d30d80c704ac25c06026b25ade8d0620b1da8da57ee797178c46f48b2131a11e000266ad2f9aeeab01603b20984e42e41f5d6700e4cd4669df77e7620c40712426d4024070b6fff96b00ae36f82f410633a9dba3b72bdf02541b74e9d6b686c3c721f8a520b1a11e00fc46b4f96acb0c80c7046c22d060361da2c35d6700ea19c6a6f8f74c1bc72140a521b1a11600fc6693af7aee8f01e846a0c1f40581c6d37272f8b5ae32004de3da5ef23def9ecc2140a521b1a11600fca65b300cc06f0dbe21d8603672839e9b0c40dbe6979e05b09a2d80a5b29aad8000fe229afc5bcb0d80c704ac23e060055d6a55768d01886bf0f74bbedfdb8b5800581a121b6a00c02fd6f9a3e5fe1a8078020ed69c1098618867255718806ed56fbee8bb351ac102c0f290185107003e131f4c037085c179820e5620c7e8ba622b60f8ef2efa5ea32632ff5f1e12236a00c027448baf089a01f0988055041eaca05a46b64a8cf8bd2b4c40f5fe237ffe5e8fcd61febf3c2446d400804facf257c70331001d093c584583e45497ec04685ff07da2878f53fb9721f0e521318ae63c00005fe8180a03f06b8373041facc20d9705155e0a34269fd7ffde22b122ff01bc4234f8d74137001e13b0820100cba602068d554955af73b4014888fc83aa667c971d9cffef3512ab6ae43f8037ac0844c3033500cd1900b092e86edd1cfe16a0921a90330661f79101799c0a08e005cd4369002a181c6010c04a3a35b8cbd12660edb84444dd475e5f98c55b0080b211edad103203e03101d90c04587a4cf080d1055bea9c6a00e6a74723ea3ef2eebca1aa45b3d6aa43c7ceaa5b4a0fd5bd5f7f953e7cb8ea99334ea54c9ca8dae74d52753227501fa033d981eab71906e066831f180cb092c69d631d6b008635fa333b007c60df924cf5505677151151a74caa57afafdab4e9a052d27aaafe99996a70fe0435e8de692afdbe99aafdd419aad6080c02b816d1dc9b436e003c266033030256135fef4e471a80eee1d7a82d77f741dcbde4d9a9fd554e5aa7720d40594456abab5ab76aafbaf7e8a90618e660d0843cd57bf2241537e16e557b782ef5044e67b319da6d9601886140c0faa980518e9d0ad87e778a7a73f66004bebcb9ff593fc528b679b3800c40595433cc4193a6ad55e7e4ee2add3007691327aad8fc29aac6b03cea0c9c428c9d0cc02f0d8e302860354de23b3ad2002cea19adf62e19a93e5b3a12a12f854f178f5007968d52bb160e3744ba8e6506a034a2a39babeee9bdd5909c716af0bdd354b7e9328d309eba03bb215afb4bdb18008f0998c0c04070a602feea38039051ff960291dbbd6804625f0222fcfb3ce6684d4ecfa08b7f69346dd25aa5f5eeab32f27254bf69535587bbef617702849a0966e9b69906a0b2c1050607aca6c680512ac58153016fdedbcbf3a49b89e817a3e89b9140e7ffada6458bb62aad6f3f35203747a54f99ac1a654da42e215888c656b69d01f09880a71920b0e458e069f7a9294f6e505b77bda1be3879503d9033c4710660617ad4ff9e7811fd526361e5fcbf15346ed4527d74e863b5e2b5e7d490150fa9fa59f9d42c58c5d3666ab6d906209601023368953f4de56e5cad9e787f873a72e233f5df33c72f62f68c192a3eec0647198001b5ffa00e2c1b8909288350cdff07cae14f76fd9c9b5f9f3ea6dedbffa15afcf233aadf92c5aa36e7158079c4dad900fccae0048304be5277d44495f9e80ab5f6aded6adfd14f2e11fce2f4ebdd5fd588a8a992ab54729409787e22a70296859de6ff7de1d9c737979aabe74e1d51afef7d4fcd7b7e8b4a9a338f7a077f116dfd956d0d002703824f2bfa73a7a8899bd7aa1777bf55d024cb13fda2348cfae93571d3f0bf39ca00cce85a1da12f83dcf44e8e34007366cef43a778f1cdfa756bff982eab77489aaced64308e2c97fc13000d7197ccd604149b49d3243cd78e631f5d6be0fd437a78ff924fa85ecddf9ee45cdb7b383a6027a455ea7f63e381cb12f85b816cd1c690006f51fe4572e9f3a79503df9c1ab6af4ea95aa1e6b07a0744453afb3bd01f09880b90c181492306bae5ab8fd69b5fbd0c77e35c9e26c5ebbfaa2e65b23a286a3a6021ecf8a45ec5d34ff2f346bda26e0bcfecfe9a36afb9eb755fe63eb54d3dca9f40e28ca5c2bb4da2a037087c18f0c9abeb498788f9abded71f5e9913da6887e51264dc8bf746b56b873ce0698d8ee5f087e49f3ffb9ce9cff2fe4d8be8f4dcb71793bf6f29e7754d69a47584408a2a57738c600784cc07a064e2fe4f2156958d2b8fc7dbdef0d4909a92536e0842abf73ccdd001fcfe75860b7ccff17f2fc96272cc9f7d3270fa9f56f6f57dd1f58409fd193f556e9b49506a02e03a707a9f3e617acde97f94cab44bf90f3278fa89a35a34a6cc00dc3ffed98b700eb86b745f45d32ff5fc803b366599effb24366eef34f166c93a5f768435dc719008f097895c1732751d977abfbb75af38abf2cde7bede5329b7097b0df3bc200e4b5f93ba25f848f1c3cff5fc8e08183835607df9e39a65efdf4dd82376eec247035af5aa9d1561b000e067219eda6cc50abde7c419d3d7538a8c25fc88a258bcb6cc2b523aa39c200a4865552bbe60d42fc5d32ff2fb46cd136243571f8f8be02331e35e66e7a1407ffd8ca00c82d81fb1844e793be60a17aeea3370b9e3c42d1e40a193332abdc46dc31ec66479880d5435a23fe2e99ff2fe4c4fe3d21ab8db35f1c568fbef1428149a767b9827d66ddfa171203e0310103184867123934578d59fba8fae0c0ae908a7e51dab78b2bb7094746d472c4b6c0ec967f43fc5d32ff5fc8f6679e0a798d884917b39ebe70217dccd90cb05a9f836100ae3038cd603ae8b6bd61796ada531bd5a1e3fb6c23fc0587a61cdaabaa55abeb55236e1dfe67fb4f03187c306700f3ff2e98ff2f64e1dcb9b6aa999d0777a9e18f2ca7af390fd1cc2b1c6f00381ed839c83de763d73daa0e1cdb6bab2656c8f6679ff2a9192755b9c6f626e091412db537006b5d30ff5fc8b0c1c36c593befeedf59308d479fd3f7d8df501a80ab0c4e31a8f6456e2dfbf0e047b66c5e853c306bb64fcdb851f83f6c6f00b29addc1fc7f7abc6b0c409bd61d6c5d432f7cfc968a9f318b9e676f442baf728d01f098804c06d67e749b3547edf8e41d5b37ad42320664f8dc90bb56b9def626e0bd59fd98ff77890110be38f8a9adeb480ee9daf4eecbaae544ce12b02999c1d2e5601a802bb82ad83e48f13ff1c18e90afeaf785268d5bf9dc8c9d7038d0c3fd9b31ffef2203f0cab6671c514f7203e7b21d5bb984c87e57fe5ee13a03e031018319e0d033f1b175eacc17871c23fcc2c1dd3bfd6ec8763f22789cc6bb01dc34ff5fc8830f3ce0a8da92c5be031f5a4a6fb4078383a9c9c13600971b1c61904343cca47b0b4e0f7352732ae4c90debfc6ec8cd6d7e5150afc8ebd501e6ff5d43e6b04c47d6d863efbda2a2b327d12b438768e3e5ae35001e13d097810efeeafea94f6e283828c4898d499836794a404dd9eee702e8ba0ec06df3ff42bb9858c7d6d9f1cff7abcc4757d0374343df60eb71280c404583030c7670683f75a67a73df078e6d4885744f490ba829c78457b6b501787a5c67edc4ff6317ceff0b7256c5e9239f39badeb6ee7a43351b3f951e1a3c44132bbade00784c401a036e3da3d7ac545f9d3ae278f1ffe6d45155a77674404d594e07b4b30158d6b7897606605d5e2fd7897f21afbdb0cdf17577f2e401d567f1627a6970480b851687ca005c66f029836edd2bff85db9f56df3abc0115f2e19baf9ad29463c36eb2ad01981a57553b0390d733deb50660e9c205aea8bdaf4f1f2b983ea4af5a8a68e165da18008f094864e0cda7eea88905afeffeeb12f117562f7fc894a65c2b22d2b6066068d46dda19804e2e9cff2f6474e62857d5e0fab7b7171c114e8fb584c450e970280d40058377197cf368953f4dedb2f9697efe903326dbb4c6dc39ecf7b6bd1e78ef83c399ff77091ddbc7bbae0edfdaf7816a9c33855e6b2ea28115b433001e131045029843eabcf9052b78ddd674844eb15d4d6bcc5155abd8f62dc08ea93d98ff770991d5eaaa2f8f1d705d2d1e3ab65775b96f0e3dd73ca242a9c12135001e13b09624088ca439f31c77b08fb77c7974bf8a8cac676a73b6eb2541eb47b465fedf45bcf1d2f3aeac49591cd8e95eee133081b5a1d65f3b1880ca06df920cfe1137fd3ef5f9e7075cd96884575fd86afeeb599b2e067ca07b7de6ff5dc4c38b1f746d5d1e3df1998a993c831eec3fa27995b537001e13904f42f84eebbba7abc3c7f7b9b6c9088be6cd33bd3137a81a664b03303ba9b636f3fff28adced0660eca82c57d7e6fea39faa66e3efa117fb47be1db4d72e06e04a83632485f734c99da2f61dfdc4d50d46189a31d492e66cc793016725d662fedf45c8da15b7d7e7eec3bb393ed87744ebaec4005c6c0252480cefb7fab971b57f49b46cded692e66cc73301eed7c400e830ff2f54af5e5f9d3b71c8f535fadefe0f55edcc09f466ef49b18beedac900fcc2e00d92a37c1e7de3052dc4ffe8de8f2c6bce5155ed774df0fd097a1880f896cdb53000c2dbaf6cd7a2561fdab195deec1da271bfc000946c02ea90206593be70a1faf6cc312d9acab38f6fb2b439db6d1a605ae748e6ff5dc6ca654bb5a8d56f4e1f5329f3e6d3a3cba78e9d34d75606c06302569224255367e444f5d9d14fb56828c2cc7ba659da9ce3c2fe682b0390dde69fae3700eb3599ff2f440eb1d2a55e3f39bc5bd51a319e5e5d3a2beda6b7763400b71a9c27592e65c56bcf69d34c845e69bd2d6dced1e1ffb49501c86878bbeb0dc0784de6ff0be9129fa055cd2e7ef9197a75c988a6dd8a01f0ce040c23612e3de94f9757ffc2b7a78fa9faf51a5b7b5a9bcd6e08ec5efd26e6ff5d468d1af5d57f4e1ed6a66ee5f2a0845973e9d99732cc8e5a6b5703f04b8337499affe1b60b7ecadd5ef4de9b4169d0763a15b06bd8f5eabd7943dd3bffbf688456f3ff85bcf7dacb5ad5ee969dafd2b32f46b4ec971800df4c4098c1f7244f8e6a9a3bd570d647b56a22eb1e591994e6dc39ec06db18804e617f50cbc7f460fedf65c86d963ad5ee7f8c5ec5a5413f231a1666579db5ad01f098804924508e9abded71ad1a883031272f28cd3926bcb26d0c40ebf03fab5129b1ccffbb8cf1e372b5abdf99cf3e86f8ffc4243b6bacdd0dc0e5067b744f229d56fe17d2b57362509a73c3f07fd9c600c8d9046d1a3766fedf6524744dd6ae7ee59452c4bf40bb2ec700047e65f0055d93a8cfe2c5da350f393d4d164f05e5da561b2d0494cf229fe95d17ae03d075fe5fa859334a9d3f7944bb3aeefde0229dc5ff42a8affa758501f0988005ba26d223af3faf5de378f3a51782daa0edb010503ec3cfb7c865f560fedf657cf8e6abdad5b1f42e8d0dc0022768ab530c402583a33a26d207077669d738962d5c18d4e66c878580b203a0f0f38c4c8e65fedf65ac5db942bb3a96dea5a9f88b5655c200986b023ae878f29f6eabff85cc6199416dce76b818a843d82d3f7f9ed68d1a33ffef32f2f3266857c7d2bba4876968003a3845571d63003c26609d4e89247368ba350da14deb0e416dceedc26e0db901681e7ee7459fc94deb00749effff799a292155cb5ad6701dc03a2769aad30cc08d06277549a6b9cf3fa95dc338b17f4fd09bb36cbf0bb501a81151e3a2cfe4a67500bacfff0bb56b3754df9cd2ef6d9ef4308dc45fb4e9460c80b52620469784dabee76ded1ac6f35b9e087a736e1efed7d0ceff57b9fe92cf3432b923f3ff2ee3e377ded0ae9ea587696400629ca6a78e33001e1330cfedc954cde0d4c983da358c39336706bd31370aff47480d40b3f0bf5dfa56c245eb00749fff2f64c3aa47b4ab67e961d5f410ff794ed452a71a80df187cece6848a9f314bcb39c37ebdfb07bd31d7af1a1632f14fae52a9d4cff5cedc218e17ffddccffffcce489f95ad6b4f432978bbf68d16f3000c13501550dbe736b52e53fb64ecb66d130aa59d01b73ad88c89019808e613795fab9dcb00e80f9ffffd13d394dcb9a965ee662f1170daaea541d75ac01f09880116e4dacc7de7b45bb46b177e7bb2169cca134007522224afd5c6e5807c0fcffffa85bb791fae6f431edea5a7a998b0dc008276ba8d30d4005836d9cffef0e36af5d1d92c61caa2980842ad796f9b95a453b7f1d40e756ccff1765cffb6f6957d7d2cb5c2afea23d153000a13501371b9c765362351a3759cb57859326e487a429876a11608bf0bf96fbd93e597f9ffa7ceb624772f0f179ccff17434cae8eb52d3dcd65e22f9a73b3d3f5d3f106c06302e2dc945c7d35bc004890c35242d194e5101ebb3dfd17b2fb25e79e0571e8ed1710fd62dc73f7242d6b5b7a9acb0c409c1bb4d31506c0630216bb25b9663cb359bb0621b7a5c9ad69a168caadc36f0fba019069076f3edb23b3ef71ec986e79781ea25f8cf4ee3db53400d2d35c24fe8bdda29b6e3200571aec6201a03379efb59743d694db85dd1654f18f0dfba3d79f2db57367c78ee9c87eec00284e83fa4dd4b72c047432a231576200ec6902ee3438ebf424fbe8d0c7da3588154b1687ac29770ce26540b2ef3f32a2964f9fef3f47f6386e3cbff9fc80aa11590fd12f01d9eda25b7d4b4f7381f88bb6dce926cd749501f098807606179c9a643586e5a9f31ade0038666456c81a72b72ad705f1d29fbffafcf99cb80e80f9ffd27962837e677c484f93dee660f1174d69e736bd749d01f098807ca7265a97fbe6683947d8be5d5cc81ab23c950743fcc568f8f3f956ce9ecafcbf8bb877ca542d6b5c7a9b830d40be1bb5d2ad0640ce0778ca898996b341bf6d42a70eef53d542b45d4c0ee209d6ab7f3970c89fcf98e2c0750023fbf746ec4ba1777a1f2d0d80f436878aff534edfefaf9501f098806b0df63b2dd996bfba4dbbc6f0d2d6a743d68c5b85ff252806a08197abfe4b5d0770788fa3e6ff6b5667febf34e4b86b1d0d80f436078abf68c8b56ed549d71a8022f7057ce3a4847bedd3f7b46b0c0fcc9a1db266dc29ec0f968b7fd3126efbf3f92ad9ed4f38663c0fbff322425f0efb3f7a5fbb3a97dee630f1ffc6c9e7fc6b6f003c2620c54949f7b9f1f4a45b63c8189011b2469c58e51a4bc53f26bcb2299fd349eb009e7af80144be1c9edab441bb3a97dee6300390e2767d74bd01f09880394e48b8e613eed1f2d560d326ad42d284eb45845b2afe713eecf72f77a162a778c78ce728e6ffcbe5be69d3b5ac75e9710e11ff393a68a32e06a0a2c12b764fba410f2fd3ae211cfe6457c89a70ac85fbffbb865d6ffae73d7778b733e6ff6bd447e4cba15feffe5a1a00e9710e107fd18a8a18007799801b0c3eb373e2cddef684760de1d9c737b96efb9fac2bb0e2f33a611d00f3ff5e5e4015dd424b03203dcee6e22f1a71832ebaa88d01f09880bb0cced835f99edaf99a760de1fee9f7baea06c0f661b75af69957dc3fc5f6e3f9f4f2f908bc971cdaf3a176f52e3dcec6e22fda70974e9aa89501f098808606dfd931013fd6f008e0bebdfa85a4f9760ebbc174f1972d85567ee62407ac0318ddbf0fe2ee25f2f64bb77affd8be47028b2634d44d0fb533001e139064b704ac66f0d5a923da3584e886cd83de78eb4654355dfc9b84df1594cf6ee77500df9c3cc8fcbf0fcc9e3143bb7a971e57cd9e062049472dd4d200784c408e9d123066d2bdda3503d90b1d8ac6db25ecf7a6097f52956b023ee4c7a775002f3ecefcbf4b18d077a096eb00a4d7d94cfc7374d5416d0d80c7042cb34b120e7c68a9768de0c90deb82de74eb1b626de6623f5f6ff60b94e5f74f66fedf25346dd25a4b0320bdce46e2bf4c670dd4dd00c8f6c0e7ec9088d39fd66f3e502e450976d395ed79669ceb6fc6e97e7e1d5c14d7c9bef3ff0398fff795a37bf55bf723bdce26e2ff9c2edbfd3000a59b804a06bb429d8c6bde7a51bb46d0332db807c6886807bcbfbfca757e5fea63da3a8043bb99ff7709cf6d795cbbba975e6703f1979e5f4977fdd3de00784c40658313a14cc8d7f7ea7507c0b7a78fa906f59b04add1d688a811d0be7ff9d9d6e1b7db42343eb2e13a80c3ef6e47d0fd60defdf76b6700a4d78558fca5d75746fb3000454d4084c1d95025e5d1139f69d5043ef9e06dc72cfc931303833dd75fe63a80fbecb70ee0e915ccfffb43c680c1da1900e97521147fe9f111681e06a0241350d7e07cb093b25e56be764d60f3dad5416bb22dc3eff0f375fff5055b06ed261a09b171f69bff1fd81741f727379bb7d57221a0f4bc1088bff4f6ba681d06a02c13d0c4e0db602666f29c79da358029f97707a5c1cafe7c5f853fa1caef8c9ffbbbad85e39c8d0e8d62fe3f304eecdfa35dfd4bcf0bb2f84b4f6f82c66100bc31016d0dbe0f56728e5bbf4abb06d03d39cdf2c61a1dfe4f9f845fa609a2aafedb11a2b1eb85c798ff77092f3eb345bbfa979e1744f1975ede166dc300f86202ba18fc188c047df0a5a7b52afe6f4e1d5575eb445bda541b78b9df5f16f7750cbb29e42bfb9dbc0e80f9ffc0983f7bb67606407a5e90c45f7a7817340d03e08f094833b86075923ebbeb75ad8affa3775eb7fca8dff256fccb097e6dc2ff6cabc57d4e5d07c0fc7f600ccd18aadf2da046cf0b82f84bef4e43cb30008198800cab1375b7669700ad7b64a565cdb4b6f1245f96f877ab725dd0ceedd7611d00f3ff81d3a6557bed0cc0eee05c0a9481866100cc300163ac4ad2c8a1b9ea9c669700e5e74db0a491cafc7d49e29f58e57705d7f4d68d88709570d8611dc011e6ff4de1e4c14fb5ea01d2f3a4f75928fe63d02e0c80992660b22597004dd6ef46b0a48414f39fa2c2ff5c6c25ffb52a26bcb2e3e6f67de1a19993423e96cfac5880809bc0cbdb9ed1ef5220a3f75924fe93d12c0c80234cc0a087976955f4e74f1e51356b4699d638650ebf73d80d054ffe72cebf9cd627a7fee9201add3ac6867c3cc70cea87809bc0a279fa6d05b6e85220c41f03e09ce9807b9fdeac55d17ff0c60ed39aa63cddcb56bf3a2e7bb5efd33a80831f31ffef0232878ed0ef3230a3f7f1da1f03e0d48581a6ec0e58fbd676ad8a7ef5f28768f826f2e1f39b99ff77016d633a6a6700a4f799b8da9f057f1880a06f110cf89c8037f6beaf55d1e78ecda1e19bc8b2197733ffef02aa55abab4e1fd1eb3e10e97d26edf367ab1f0620648705057462e031cd2e01ea129f40c337f392a30eb1ccffbb841dcf6fd5aa171c0bfc52a0ef39e4070360876383fdba3ba0be6697009d3b7148d560ced874be0ac13a806f4f1e52b56a3620fe26b264c102eda601eafb7f29d0b71cef8b01b0d305423edf22983c57af95bf6fbfc29cb15bd6011c79ef25626f32a3478cd2ef52a0b9f3fcbdd58f8b7d3000b6bb4af8ac2f899cb361b556c5be62c9621abd052cbd37f86f929e7d6421b137990eed3a696700a407fa28fe67b9d21703605713106170c2db645efcb25e877f648f1e43a3b780ceed83bf827c2cf3ffa61359adaefaf2e87ead7a82f4401fc45f7a6b045a8301b0b309a86cb0cb9b84debaeb0dad8a3db663671abd0bd60130ff6f1daf6f7f4eab9e203dd04bf1979e5a198dc10038c104543278aedc4b800eefd6a6d0bf3c76404546d6a3c95bb50ee0b9cdccffbb80871f5ca4d7a540460ff442fca59756425b30004e3201150d967109d04fc8930d0dde1deb00b632ff6f196346667129d0c5480fad88a660009c6a04724a4aecb653f4ba0468d94244c32deb00b233fa13738b88ebd845bb8580d20b4b11ff1c340403e006139064f05dd1e41eacd92540a3868fa4c15bbd0ee0c02ee6ff9dbe1030b29efaeaf841ad7a83f4c262c22fbd3209edc000b8c9043434385398e4339ed1eb12a0f66de368f016b3f3b94d968fe351e6ff2de7ed575ed4aa37482f2c22fed2231ba2191800379a80bb0c3e93445fffb63e97009d3abcafe0ac739abbc527c905611d00f3ffd6b372e912ad0c80f4428ff84b6fbc0badc000b8d904dc60f0ca9b1a5d02f4cab66768ec4120be6d7bebe7ff0733ff6f35e3b2c66a6500defce952a057a437a21118002d76086c7cefe5cf7529f045f3e6d1d85db00ee0db2f98ff0fca82ce4e095a1900e985acf4c70068c7bc97b63cfde517875d5fe0c3870ca7b107890fb66db46efefffd97897110900bb3fef3f921f79f0d62f43ee981680106405bf29e58db67f7e18f2fb8b9d05bb76a4f630f128ba74db46efeffd145c43848bcf7dacb2e3f00e8e30bd2fbd0000c80f6f47f78c96d8f7fb0e39c1b0bfdf3039fd0d083b98fdcc27500d9830710e320f1e843eedd262cbd4e7a1ebd1f0300ff5b175061e6b6c75e3febb22981179fd942430f32672d580720f3ffb56b31ff1f2cf2b2735c27fcd2dba4c749afa3e76300a00446ac5e3e76f7e1ddae99127860d62c1aba0bd60130ff1f5cba754972db99ff17a4b7d1e33100500ef13367853ff6fe2bdfbaa1f033060ca6a1079907a74d60fedfe1d4ac19a5ce9f74c75d21d2cba4a7d1db3100e0fd94c0afa73fbb79a7d3a7049a376b43430f32b116ac03183784f9ffa09fecf8e60ec7bff2971e26bd8c9e8e0100ffa60472f638744ae0e8de8f68e4a15a07b0ff4353e7ffebd466fe3fd8ac59b1dcb1e2bfe7a757fe5ce683018040e9b170e15d4fee7cf5bcd39ac0d6271ea391876a1dc056f3d6011cfde015621a0226e68e77a4f84baf929e45efc60080795302bf98f3e2932f9f3de59c2981d93366d0c843b50ee01ef3d6016c63fe3f242425a438eb95bfd19ba44749afa2676300c002266c59d7ef93237b1c3125d0bf2ff3c6a1a2634c3bd3c63167c840621a026ad76ea8be3975d411e22f3d497a133d1a03001693fdf8ea3f3ef3d1eb5fdabd29348a6e412377f83a806fbf38ccfc7f08d9f5f66bb6177fe945d293e8cd180008220fbcfcd4fae327f6dbb2291cdcbd93061e62dedfba81f97f87b3fed1476c2bfcd27ba407d18b3100102286ac7a287cf3fbaf9cfdf6cc315b3587a7366fa081879845f704be88ecb9550f12cb10326942beed845f7a8df41ce93df4600c00d880f14fac9d65a71304674cbd87061eea7500addb9a30ff3f88588690d4a41eb63bd14f7a0d3d17030036a3cbfdb36f5cb2e3d9835f9d0afd0962bdd3fbd0c06db10e6027f3ff0ea66e9d68f5cde9d0bfdd939e22bd457a0cbd1603003666e8a30f0f78e593777e0865c3888a6a4603b7c33a8067d7fb3d86c798ffb705bbdf7b33a4e22fbd447a0abd150300ce3937e0f269cf6c7a3d148b04f7ee7c97c66d13164e1dcffcbfc3d9b46655c816f9490f915e424fc5008003499d3fbfd9c6775ffe3a988b041f5fb786c66d133ab48ef17b1c738732ff6f07a6e64f0afa223fe919d23be8a1180070fedb805f8e5eb772f5eec3bb83d240ee993499c66d23bef4631d80ccffd7ad1d45fc6c405a6acf602ef253d22ba467d03b3100e0225ae54fbf63f18e678e5abd48b0476a3a8ddb46bce7c73a80631fec207636a17ebdc6ea5b8b17024a4f90de203d825e89010017337cf5f23e3b3e7df77b2b1a89ac58ae5bb7118ddb462c9892e7fbfcffeac5c4ce467cbaf31dcbc45f7a81f4047a230600f4ba5ce8a9e39f9bbb4850562cd3b0ed457b3fd601e40d63fedf4e3cbe7eadf98bfc8cda971ec0e53d1800d094fc6737dcf9c4ce1d27ce9f36e7d2918dab1ea561db711dc0673b99ff7730d3274f314df8a5d6a5e6a5f6e981180080ff9bb0656dec960f5f3df77580738d93c64fa461db711dc033eb99ff7730bdd27a072cfc52db52e352ebf43cc000c0258c5cb772d8b3bb5effafbfdb069313bbd3b06db90e2097f97f0723076b05b2ad4f6a5a6a9b1e071800286f7d408561ab96dffbfcc76f7dffad2f4f185f1c29b8c39c866d3fdab58a61fedfe17cf6d1fb3e0aff7125352cb52c354d6f030c00f862042e1bb576e5026f8f15fef0cd5769d4b65e07f08157f3fff53071b664cbc6f53e1ddf2bb52b354c2f030c000462042a8edbb86ac59bfbdeffb1aca6b366c5721ab58d79f79975e5cfffef64fedfaeccbc675ab9e327352ab52a354bef020c00987abfc0f8c7d76e7c6fff87255e3b3c21278f466d63e64f2a7f1dc0f3ab97102b9bd2a757df52c74d6a526a9373fb010300561b812b266d59fff4ae831f5d6404ba7549a251db98b62ddb946b00c60fcf205636a551748b4bc64b6a506a516a92de041800081a0db3efae34edd94d2f7d7278cf85ff9c3cac6ad6e0ee78dbaf03d8f73ef3ff0ee6e09e9fce73909a93da931aa4170106004246fb7b665e3d75c323afb568d98e266d73de797a2df3ff0e66d5ba472fcc7df1c9ed5273f41ec000806dc85cbef0b7c3ef9df25ed7c4149ab54d7960524ee9f3ff6b98ffb72bb19dbaaa8c491376f69a32f11a7a0d6000c0d664ccbc67498ffe03beaf51a33e0ddc4eeb005a94be0e6002f3ffb62232b29e4aeed5e7fbfe53ef7e989e021800701c491327c4a78d187e564e32a3a9db833325ac032898ffaf134d7c6c4083064d55f7a143cf26e4e674a5870006001c4f54ffe17f4acaccfcb8654c079abc0dd7011cdfc9214ea1466a436a24aaefd0caf40cc00080fbb610f61a56b17dc690251dba257d4fd30f0df3eebe741dc00bccff87846ad5eaaa8e89c9df77c818ba446a831e011800d082e8a4b4d65dfaf73f16ddb825621044629a5fba0e60c208e6ff837ab94f747315dfa7eff1e8a4f456f402c00080be6f053a24564c1c3d6a7562cfdedfd7acc93df4c15e07c0fc7f70a851a381ea96def3fb84cccc35116d3aff3f6a1f30000045170dde9d1fdd3f6fdc91b84edd100d4bd701acf9dffcff87ccff5bbd85af5f6ef6d1c489131b51e380010028ffb8e10a231eb8ffd18cacd1df356ac4148195eb005e58bb9498984ce3c62dd5e03159df490e73152f600000fc64c0c2b937f59f34e1a584f49e9c2b6012ad9bb7fadffc7fe660626202327d95d8abf7f703a6e46f979ca57601030060e6fd03ddbadf963432f385ceddd3beabcdb9f581ad03d8fb3ef3ff818a7ead28d529a5fb7709c3876f8fea9afa276a14300000c1982688eff1fb2e99231eebd6abcfb772780a82e41b6f3fb586f97f3fa857bf89eadab3f7b79d870f7f3c2236e5066a11300000a134036983afed306cc4f284fe03fed3b8696b84ca0be6e66733ffefed9cbe9153925b1d860e5f21b946cd010600c08e66207dc8afda660c1d9b989171a2659b0e1710b0d2d701e471fe7fa9b48ae9784172487249728ada020c0080c388e9dbbf758fd1233f4ceed5fbfb860d9b236e452f9ca95697381439833f21ade70fa9992376b5ed3790037a000300e026263fbde6b723e7dfbf3c637ccea9e4f45e3fd6afdf04f1d3752ebf5e639594deebc2a0bc71a732e7cd5c397ec343575123800100d0840643b2ae4d199f37a7c7c8cc239d92527fa8cd8a78d752c718dbf8e4ee3fa419632d632e634f0d000600007e5a3fd032eef2e669bd8774eadbffa3765d13ff5b3f8add058e7dc26fd044b537c6b073ff01bb9aa7f71dc4f1bb001800009fa8de31b176a721c336240d1e7cd27882fcb16134eb08ec868c49a7e4d41f9332069fec3464e886ea1d13ea90bb00180000b38f29fe65fc98ecf83e13f3b6f71d3df2cba41ee93f36e646c3a01eb39b94d6f342dfac515fca181863d159c684dc04c00000049d65bb9ebb2c73c17dddfa4cc87d3c6de48843c9fdfa7f1ddb35f142e326ad0aee7c47b87d27ba514bd5b173c285c4be7dbfe93162f8a1be13739f18b9f0fe0489353907800100b0fbdb820a113d32ee6cde6f7046d7cc914f240d1bfe5942bffee76213927f68da22464546d6d356e0c51835691ea33a764bfaa15bdf7eff491c3af4b32e23466c69d637634844eac0bf73890e000600c0bd06a143e26f6ac626366d3760d0ecae4386bc9e326cd8b1ee19195fa7f4e9fb43b7a4d40beddb77528da25b386abfbe7c56f9ccedda75525d13532f24f7eaf343caa0415f270f1d72bccbe0c16fb4eb3f704ecdb8a466c677bf921c00c0000040e9d30bbfb9f7b90de1631e9adf7bf8dc99b386dc3be589419326bedb3f37fb60ef9199a7d30cc3903670d077e9fd07fc90d6b7df8fa9e9bd2e24a6a65de89a90a23a754e501d3a7656316d6355cb96ed54e3c6ad545483a6aa4eede882b70f82fcefa8a866aa49935605ff46feadfc4c7c974411709564fcaed49ebd2fc8ef4e1f30f087b441c6df1a3cf87c9f51234f0fc81b772063f2c47786cc98fac488793367672d5bd067fab60d55e533337600f6e6ff03799e7b2a6400a3ff0000000049454e44ae426082, 'Active', 0, '2024-12-05 08:07:34'),
(225, '3172751', 'Jomar', NULL, 'Llevado', NULL, 'jomar.llevado@ustp.edu.ph', 'Llevado3172751', NULL, NULL, 'Active', 1, '2024-12-19 12:20:05'),
(226, '3224009', 'Dario, Jr.', NULL, 'Miñoza', NULL, 'dario.minoza@ustp.edu.ph', 'Miñoza3224009', NULL, NULL, 'Active', 1, '2024-12-19 12:20:05'),
(227, '3050366', 'Floreto, Jr.', NULL, 'Quinito', NULL, 'jun.quinito@ustp.edu.ph', 'Quinito3050366', NULL, NULL, 'Active', 1, '2024-12-19 12:20:05'),
(228, '3060555', 'Jay Noel', NULL, 'Rojo', NULL, 'jaynoel.rojo@ustp.edu.ph', 'Rojo3060555', NULL, NULL, 'Active', 1, '2024-12-19 12:20:05'),
(229, '3152402', 'Jc Vanny Mill', NULL, 'Saledaien', NULL, 'jcvannymill.saledaien@ustp.edu.ph', 'Saledaien3152402', NULL, NULL, 'Active', 1, '2024-12-19 12:20:05'),
(230, '3152280', 'Sigfred', NULL, 'Tong', NULL, 'sigfred.tong@ustp.edu.ph', 'Tong3152280', NULL, NULL, 'Active', 1, '2024-12-19 12:20:05'),
(231, '3203529', 'Ulrich Lee', NULL, 'Uy', NULL, 'ulrich.uy@ustp.edu.ph', 'Uy3203529', NULL, NULL, 'Active', 1, '2024-12-19 12:20:05'),
(232, '3213937', 'Charlane', NULL, 'Vallar', NULL, 'charlane.vallar@ustp.edu.ph', 'Vallar3213937', NULL, NULL, 'Active', 1, '2024-12-19 12:20:05'),
(233, '3213725', 'Jhon Harvey', NULL, 'Babia', NULL, 'jhonharvey.babia@ustp.edu.ph', 'Babia3213725', NULL, NULL, 'Active', 1, '2024-12-19 12:49:24'),
(234, '3203539', 'Arlene', NULL, 'Baldelovar', NULL, 'arlene.baldelovar@ustp.edu.ph', 'Baldelovar3203539', NULL, NULL, 'Active', 1, '2024-12-19 12:49:24'),
(235, '3030294', 'Jocelyn', NULL, 'Barbosa', NULL, 'jocelyn.barbosa@ustp.edu.ph', 'Barbosa3030294', NULL, NULL, 'Active', 1, '2024-12-19 12:49:24'),
(236, '3101267', 'John Benedict', NULL, 'Bernardo', NULL, 'jbl.bernardo@ustp.edu.ph', 'Bernardo3101267', NULL, NULL, 'Active', 1, '2024-12-19 12:49:24'),
(237, '3111384', 'Petal May', '', 'Dal', '096475657', 'petalmay.dal@ustp.edu.ph', 'Dal3111384', NULL, NULL, 'Active', 1, '2024-12-19 12:49:24'),
(238, '3101157', 'Arnel', NULL, 'Edo', NULL, 'arnel_edo@ustp.edu.ph', 'Edo3101157', NULL, NULL, 'Active', 1, '2024-12-19 12:49:24'),
(239, '3172611', 'Rhea Suzette', NULL, 'Haguisan', NULL, 'rshaguisan@ustp.edu.ph', 'Haguisan3172611', NULL, NULL, 'Active', 1, '2024-12-19 12:49:24');
INSERT INTO `employee` (`userId`, `employeeId`, `firstName`, `middleName`, `lastName`, `phoneNumber`, `emailAddress`, `password`, `designation`, `profilePicture`, `status`, `department`, `dateCreated`) VALUES
(240, '222', 'Amavelle', '', 'Palomo', '09736434734', 'amavelle.palomo@ustp.edu.ph', 'Palomo222', NULL, 0xffd8ffe000104a46494600010101004800480000ffe100744578696600004d4d002a000000080005011a0005000000010000004a011b00050000000100000052012800030000000100020000021300030000000100010000c6fe0002000000110000005a0000000000000048000000010000004800000001476f6f676c6520496e632e20323031360000ffe202284943435f50524f46494c450001010000021800000000021000006d6e74725247422058595a2000000000000000000000000061637370000000000000000000000000000000000000000000000000000000010000f6d6000100000000d32d0000000000000000000000000000000000000000000000000000000000000000000000000000000000000000000000000000000964657363000000f0000000747258595a00000164000000146758595a00000178000000146258595a0000018c0000001472545243000001a00000002867545243000001a00000002862545243000001a00000002877747074000001c80000001463707274000001dc0000003c6d6c756300000000000000010000000c656e5553000000580000001c0073005200470042000000000000000000000000000000000000000000000000000000000000000000000000000000000000000000000000000000000000000000000000000000000000000000000000000000000000000058595a200000000000006fa2000038f50000039058595a2000000000000062990000b785000018da58595a2000000000000024a000000f840000b6cf706172610000000000040000000266660000f2a700000d59000013d000000a5b000000000000000058595a20000000000000f6d6000100000000d32d6d6c756300000000000000010000000c656e5553000000200000001c0047006f006f0067006c006500200049006e0063002e00200032003000310036ffdb00430006040506050406060506070706080a100a0a09090a140e0f0c1017141818171416161a1d251f1a1b231c1616202c20232627292a29191f2d302d283025282928ffdb0043010707070a080a130a0a13281a161a2828282828282828282828282828282828282828282828282828282828282828282828282828282828282828282828282828ffc20011080500050003012200021101031101ffc4001a000100030101010000000000000000000000010205040306ffc400160101010100000000000000000000000000000102ffda000c03010002100310000001fb6f3b575000000000000000000000000000000000000000000000000000000000000000000000000000000000000000000000000000000000000000000000009800000000000000000000000000000000000000000000000000000000000000000000000000000000000000000000000000000000000000000000000000000000000000000000000000000000000000000000000000000000000000000000000000000000000000000000000000000000000000000000000000000000000000000000000000000000000000000000000000000000000000000000000000000000000000000000000000000000000000000000000000000000000000000000000000000000000000000000000000000000000000000000000000000000000000000000000000000000000000000000000000000000000000000000000000000000000000000000000000000000000000000000000000000000000000000000000000000000000000000000000000000000000000000000000000000000000000000000000000000000000000000000000000000000000000000000000000000000000000000000000000000000000000000000000000000000000000000000000000000000000000000000000000000000000000000000000000000000000000000000000000000000000000000000000000000000000000000000000000000000000000000000000000000000000000000000000000000000000000000000004c7a1e600000000000000000000000000000000000000000000000000000000000000000000000000000000000000000000000000000000000000000000005e962a0000000000000000000000000000000000000000000000000000000000000000000000000000000000000000000000000000000000000000000000000000000000000000000000000000000000000000000000000000000000000000000000000000000000000000000000000000000000000000000000000000000000000000000000000000000000000000000000000000000000000000000000000000000000000000000000000000000000000000000000000000000000000000000000000000000000000000000000000000000000000000000000000000000000000000000000000000000000000000000000000000000000000000000000000000000000000000000000000000000000000000000000000000000000000000000000000000000000000000000000000000000000000000000000000000000000000000000000000009109a924900000000000000000000000000000000000000000000000000000000000000000000000000000000000000000000000000000000000000080004c0b2022609b5248ade0a5ac2ab0aac2ab0aca0944800000014000000000000000000000000000000000000000000000000000000000000000000000000000000000000000000024844c040924ac7bfb9c57eff5387dbb2e715bb2c71cf64cbc53d833eba109c0ef8accf0d7f3321ab4335d1e679a4420480280000000000000000000000000000000000000000000000000000000000000000000000000000000000000000000910a7a49e1ebe9a11c7d5d1ec73fafa16b6100050000000488b41e1cfdb064f86cf31956f7a544c04000140000000000000000000000000000000000000000000000000000000000000000000000000000000000000004416874c57ae7a8a7bca2400a080a00000000202c48914f4839f974bceb1fc7638ce43d0f35a084aa1221221221221221300000000000000000000000000000000000000000000000000000000000000000000000000000020ac5bd62fa7e3dc52f2800140000000000002000b000239fa60c2f3d1e1a9aa00a00000001130000000000000000000000000000000000000000000000000000000000000000000000000001000f42ddfe7dc47a100000a000000000000120014000079f1e879984efe1a8140000000226000000000000000000000000000000000000000000000000000000000000000000000000008000b7479f79ebd15b4000000a000000002000040014000002f9e46de7599e280000000800000000000000000000000000000000000000000000000000000000000000000000000000426247a475c5bb664b0000500000000004000002000a00000078fb52b33976f2eb9d6a840944800100000000000000000000000000000000000000000000000000000000000000000000000000084c58f5d0e4d38b2400002800000000020000010005000000224578743c6b1e9ebe55004c4800100000000000000000000000000000000000000000000000000000000000000000000000002007a79fba76f778fb4a002840000000500002000000a0000000000026670ec64d79cd2c4c800040a000000000000000000000000000000000000000000000000000000000000000000000013131116a1ebd9cfdf1d561410250000000028004000000050000000000405a64ecf0265cfa52a600002131400000000000000000000000000000000000000000000000000000000000000000000002610aa4e9d1ced493d8280128014000002000000a00000000000000200e5eaf1327c3db9abd26240000213140000000000000000000000000000000000000000000000000000000000000000000002222f4f53a74f834a0000250028000100000000050000000000000401e7e9063737672d4c5e800000898a0000000000000000000000000000000000000000000000000000000000000000000001311d1e1ee697bf8fb492140050000000000000000000000000000010003932f57288800028044c500000000000000000000000000000000000000000000000000000000000000000000026261efe1ec6a7b797b4000a000000000000000000000000000000100815cd93ad9479c800140226280000000000000000000000000000000000000000000000000000000000000000000013130f7f0f7362d5b40000000280000000000000000000000000080015c3ddc22800028044c5000000000000000000000000000000000000000000000000000000000000000000000043a39fa4d7b56d00000000a000000000000000000000000002000570f730cf3989000a01131400000000000000000000000000000000000000000000000000000000000000000000004f473f446b5e97800201400a0000000000000000000000000010044c15c4dbc43cc5012001131400000000000000000000000000000000000000000000000000000000000000000000003a797a2362fe3ed0004028014000000000000000000000000002008914c3d7ca3c850120011314000000000000000000000000000000000000000000000000000000000000000000000111e94b1abd79da300001280140000000000000000000000000020020e1e0f7e3ab40012001131400000000000000000000000000000000000000000000000000000000000000000000098984c49d7ab8da71ec000142028000000000000000000000000004015b78993c9d5cd579ad80251200898a0400000005000000000000000000000000000000000000000000000000000000000000089981ebdf9bd91a60000001400000000000000000000000000401c1dd9273f95e2ab681200000b0000000005000000000000000000000000000000000000000000000000000000000000084c0b75727ac6e38fb022400005000000000000000000000000001008c5ece129131511304800040a00000000140000000000000000000000000000000000000000000000000000000000002004c0ebd4c4d38eb0028000000000000000000000000000003cefc29c9e28a9acc089804808140000000000a00000000000000000000000000000000000000000000000000000000000010000ebe4f4372dc5d7160000028000000000000000000000000a95c7eccf4ac95000a000000000000000000000000000000000000000000000000000000000000000000000000000000084c0eaefc9ee8d09f3f4000000500000000000000000000002bcb1ce9e3e3302262828000000000000000000000000000000000000000000000000000000000000000000000000000000013004fb7841abd787a47622650400140000000000000000000010e438bce9081482800000000000000000000000000000000000000000000000000000000000000000000000000000000131204011ede526b7563ea47a05040500000000000000000000791e59b144acc4d08028000000000000000000000000000000000000000000000000000000000000000000000000000000001312040826d41e9d99f06f7ae4e847b0500000000000000000020930f15b7178f1a5a25564044c50000000000000000000000000000000000000000000000000000000000000000000000000000000000098902113000a5c5bb782d1b5e995d6763cec4cd6c028000000000000a96ad3c527969ca5a9336540989105a00000000000000000000000000000000000000000000000000000000000000000000000000000000002624084488000a5c3dfc068f46358dbf4c4f6359c3d51e882c840014a0b808f04f7ae6f39ade39915d9e3e227cec22d040a4c4c40b400000000000000000000000000000000000000000000000000000000000000000000000000000000004c48100400000002b2a1ed7f0b9d9d19c8d6b628dcb610dd610d9a648d3a678e8e7ad4989b1594d4011308005262484c2800000000000000000000000000000000000000000000000000000000000000000000000000000000009890000002001000004c00000000002604a24100500002000a000000000000000000000000000000000000000000000000000000000000000000000000000000000989000000200100000000000000000000050000000000000000000000000000000000000000000000000000000000000000000000000000000000000000098902000028000044c000000000000000000000000000000000000000000000000000000000000000000000000000000000000000000000000000000010000989091091091091091091091116155855615585522122122122161558556155855221221325450000000000000000000000000000000000000000000000000000000000000000000000000000000416f639bd3abd639bd3afd4e1b688e3f4e82f8cfa8f39b8ac5c5172517149b16b172517145c517145c517145c517145c517145c517145c517145c7378680ce8d218fe5b935f3d1f435301b1e0673a7c2aa0000000000000000000000000000000000000000000000000000000000000004904909808b15b5fdcf3f4e9f68e5f6e9bc78fac805000000000000000000040014000000000000000000079fa0e1e5d827cfd7e879ab1dd7cd5500000000000000000000000000000000000000000000000000000000400022444dfdcf1e9e8e939bd7dd15b8a000000000000000000000000000000000000000000000000000f3f419fc7b909f3cd5cdd280000000000000000000000000000000000000000000000000000080266be878f5f9e91e7d1eb688914000000000000000000000000000000000000000000000000000000001e5ea31b9be873ecce4c50000000000000000000000000000000000000000000000000409133729d33db1e5d36924280000000000000000000000000000000000000000000000000000000000001c997bfe3661bd7ca800000000000000000000000000000000000000000000000827dcf2ebb758f720140000000000000000000000000000000000000000000000000000000000000000f3c8dba2603dfc34000000000000000000000000000000000000000000080133ec57be3b22be8280000000000000000000000000000000000000000000000000000000000000000000079e3ee792613d3cf400000000000000000000000000000000000000008012f527b6bd90f4005000000000000000000000000000000000000000000000000000000000000000000000039b23e8382ccc4c500000000000000000000000000000000000004009892ddbe1df1e9ed1202800000000000000000000000000000000000000000000000000000000000000000000000018fcbbd896505000000000000000000000000000000000001008bc74475762ca0a000000000000000000000000000000000000000000000000000000000000000000000000000e0ef83e7e3dfc350000000000000000000000000000000000008105f43935e3d0280000000000000000000000000000000000000000000000000000000000000000000000000000072e47d0e359cc28000000000000000000000000000000000216ae847bf580280000000000000000000000000000000000000000000000000000000000000000000000000000039fa07cf474f36a0000000000000000000000000000000000b47b6bf2774028000000000000000000000000000000000000000000000000000000000000000000000000000000007264fd061d9e42800000000000000000000000000000009f4f3ed8d0f4250000000000000000000000000000000000000000000000000000000000000000000000000000000000199a7cc98c98d00000000000000000000000000000000b6c65edc4894000000000000000000000000000000000000000000000000000000000000000000000000000000000056c3029efe1a80000000000000000000000000000002c686878fb640a00000000000000000000000000000000000000000000000000000000000000000000000000000000000195c5a39d60500000000000000000000000000000f6f1ee34e4cd000000000000000000000000000000000000000000000000000000000000000000000000000000000000038b2b730ec0a00000000000000000000000000001a999b11d225000000000000000000000000000000000000000000000000000000000000000000000000000000000000023e7fe8702ca0a0000000000000000000000000000277313762e250000000000000000000000000000000000000000000000000000000000000000000000000000000000000187b9896780a00000000000000000000000000002fbd85bd01280000000000000000000000000000000000000000000000000000000000000000000000000000000000000c7d8c64e61a00000000000000000000000000001efb78fb101280000000000000000000000000000000000000000000000000000000000000000000000000000000000000c5dac6b398500000000000000000000000000001d9ad97a990280000000000000000000000000000000000000000000000000000000000000000000000000000000000000c7d8c74e51a00000000000000000000000000001dfa799a790280000000000000000000000000000000000000000000000000000000000000000000000000000000000000c9d6cb4e11a00000000000000000000000000001dfa799a79a000000000000000000000000000000000000000000000000000000000000000000000000000000000000000ccd3ce3386a00000000000000000000000000001dfa799a79a000000000000000000000000000000000000000000000000000000000000000000000000000000000000000cfd0cf3346a00000000000000000000000000001dfa799a79a000000000000000000000000000000000000000000000000000000000000000000000000000000000000000e2ede43206a00000000000000000000000000001dda995ab90280000000000000000000000000000000000000000000000000000000000000000000000000000000209000039fa3c0c41a80000000000000000000000000000766b656ae40a00000000000000000000000000000000000000000000000000000000000000000000000000000008804c090a03cbd6a7cf8d4000000000000000fffc4002c1000010304010304020202030000000000010002110312506032042131132233701040142030a04180b0ffda00080101000105027f2fa7dde7ff0029e672fa7dbcbe9f1e7fdf21bf83ff004f9ad95e985e905e905e805e805e805e8046885e905e905e904e6428fa3ed5e905e885e8042980ad56a8fea42b55aad4592bd10bd009d4401628fa2004188510bd20ad51fa244a34c2753105a8fd096ab10a223d30a3f5a251a613e908b028fa04041810a63f623f244a75310e6087081bf060418106fef16ca752115181a146f250549b243045b81a8d05ae1067783f8637bd2689c11ee9ec12e1df78a6d92ca62436309684e6097763bb344aa4d12061ad4e6097763ba054c7760ef87b5541eedd29892c6890312f6f7779dc9ad954e9c10314427533246e21511eec6bc7bb70a7e698ef8d737b9f3b7d11ee031c4278f76dccee69361d8f7b4c9f3b6d11ee6f9c7b8278f76d81521ee190213dbdf6a282679a7e722e1dc8efb494153e4cf391213bcced747937ce44a7f9da82a23dd19229fe76a0a8f2c9bfced54b93477c9b82779da69726f9c994ef3b4d2e4df39329de769a5c9be72653bced3439e50a7f2da6873ca14fe5b4d0e632853f96d34398ca14fe5b4d1e632853f96d34790ca14fe5b4d1e432853f96d344fb9a7be4cb93bced34b930f7c9b8f727bed2dec6899764deeee4f7daa873c914fe5ff3b55230e6ba4e4494fe51b5b3cd23eec8b9dddde76b0a81f7e45e7dc76de9f9e45fcb6da6eb4d3a85c71eeaa41264edd40fb81c7129fcb6fa661d4dd271ae7f771efb7f8541def07184a7bbddb8d33069be4ce2a539fddde7710a99eec3df1129c538f7dcd9e699ee0e21ce124a3e77309a60d37899c34aa87ddbb154bb1a6f1338573c4bf96f148da69bc13833504bfbbb7aa46d21c30550c07193bdca6bc4078fdf28bc055aa35cddf9ae101c23f7253dc22a196efe0a0e083c44fed129cf10f7820fd03283c20f0a7f5e55e13de21ce11287d061c8540bd40a7f4ee46a04ea820bc22e47e87957141e507140ff0084ff00429c7b1798bca9fa3655c55ee4c7941c815287f472952ae29ef2af2a7e92f0ae2af2af72f51cbd472f51cbd472bdcaf2ae2ae28ffa7342850a142850a142850a142850a142850a142850a142850a142850a142850a142851b64a9fc42b5008317a52bf8e850428a14d5815815815a15a15a15a15a15a15a15a15a15a15a15a15a15a15a15a15a15a15a15a15a15a15a15a15a15a15a15a15a15a15a15a15a15a15a15a15a15a15a13a8b0afe3afe3afe3a345e116386cb0a1420d429a1490a68372b08b5a51a0c28f4e8d170511af041a853429214d06a0338580a75009d45c11046b41929b4d369f60c406844029d45a53a8382223529fc86ca6d19029420c4068ee6829d413985ba8420d4da729b4935b1a6d4a20a7348d398c90da49ac8434f7b03954a65ba60677a6cec046a444aab47490106214d0edaad5a57222346841883146af5181c1edb4e86106a0cd69ed0e151969d06c42920cd71ed0e151969cf86a0c56ebcf6dc2a32d39d0101b0d46dc1edb4e6c04021b15665c088cd00804364af4f3210086cd59969cb8080d9ea36e6b841ca84d6a1b4750cca84c1dc78da0f7555b6bb26d5406d75d9737245516ca6081b5d66daec886dca832d1b6566dcdc8f4eddbeb36d763e8892d1036eea1b2dc705d3b7703dc3c43b1acf2c10ddc3a96f7c6f4ed93b8d712dc60545b0ddc5dddaef38ba425c373ac3dd8be99bba753cb1415210cdcfabc5d312edd3aa1ecc574e3ddba56134f15d30edba1ee3154386eaeecec4d2e1bad5f93103cb38eeb5fe5c437c8f1baf51f2e219cb76ea3e5c452e7bb57f9711439eedd47cb88e9f9eedd47cb88e9b96edd4fcb88e9b96edd57c988e9796edd573c474bcb76eaf9623a5e5bb75789e9796edd5e27a5e5bb757e311d2f2ddbaae188e9796edd4fc788e9b96ed5fe2c474dcf76adf1623a6e7bb55f8f11d372dd9dc7f5bffc400141101000000000000000000000000000000c0ffda0008010301013f014807ffc4001d11000104030101000000000000000000000111405060007080a0b0ffda0008010201013f01f6222a03e224b8b8b525c5a92d4979105446a11a8459ceda0d4cd86a66c353361a99b0d4cd8e55350347ffc400281000020201020405050000000000000000003101702102801150609010516171a0223240b0c0ffda0008010100063f029a827f54fc5411fc2339ed5d3f0629ee433504d413504d413504d413bdf9a826a09d9fcd413d9fa7b7ae6a1cd439b0f1f04d6318fe31884210842108421084210842108421084210842108421084210c63f0fb66a2cc1e4626a3c7866a1f2319335064c198a87e933b42e3150e2a1f5ee4beb50f18df171ec29833dbbf8ed026cde3b148da06aa826a19e551d6dabdf95475b6aa82794c75bcf298eb7d5504d413504ed023daa08a834d41a6a0d35046d035541aaa0d5ed504fe3fffc4002c100002010304010303050003000000000000011121316010505161704041712081a1308091a0b1b0e1f0ffda0008010100013f21f106fcaff8cff53e20ad7f7295e213d0f45e1d64786a7442ca24089375fef14fa00587491e0a92754ae04e11ad1c8a12684a3e890810202c3d06503448705a3a124f809b27410e0a11025443d0c08210805245a262b89119fc10124a229890287a464c8d43484cb50d56939f48863896892851ea4c42c3d11608909cee4913918524442210adeb1d44a46953942150359bb187911588c12097af6a4ae0a0a2685543cdd1229e8c8d893dc48894c4c670a81e948b7646e724b95a966ea6ae8a85b3346c9d1254b35b85152da0d19539aa2ae9084f69437287cca073c21d2a085b52db1e78207198acb1a840b6a63436598a496adbae914b65e94b1e607b736a32597ad91d23dbdd869c52c4e59123cac6e064b2a08ca98ae2cb1e523711931aae528b4bc52b1b8d8f90e91194b4a2f1e426e4acc6871ac9393bd1210a46e45b8958d5456c9d884ae9541ee49712b1aa9193b10b51373bb084d54f6c9d88490a416e68965dcb316e7ef2ef87f3de5ff0fe7bcbb94bd35ba251e5499685ba58fc40a58f2c45dba58f2c55dba58f2c5ddba58f2a4b4eedd2c7e20445e165f2963409f74d5159958a2ee6ed961243ee6b18e0d856caab250372be303a85953409772540d5658d0c97713b688d523c3abb3cbf3254445ee0e089879727034c9b75c1aa1fd6b2763e41d0bdb9c99123e609dc87b126d8ca8f2bd730656cba091ed4d515454f995c28a84ed0d509962263cce80a333da1471125ecd2e175072962476d99a08992879aa0ca70e50247b24a1465256cd0b37751528a03636e0560348d0f384449590c2d8933b14d6891ace531a09a11109caf593a342a8be591bbb556cee6a40118273eaec345a4ae04255cfa04282322208faa8908680b4a23c00948088c84b1e9da24306b4c3463546fc010210a086840949faa49fd191b1a2441d19a421a1a5102f02489c5cc50d4a0afe90d51316960e4e7bd0daae4f927c1724c5cc2e619bb1dc8ed0c49248d5d0de47cc26ee36ab93f08a1b76091ee34fb9dc2fa0001f31da779d8337a411e0e8d675823fa25c3e087c10f825c325c325c325c325c325c325c325c325c325c325c325c325c325c325c325c325c325c325c325c325c325c325c325c325c325c325c325c325c325c325c325c325c325c325c325c325c325c325c321f0f2d264a8973a72315a925c8d4ee40c4a6750b891d28eb1d23a4758e91d23ac748e91d23a4748e91d23a4748e91d23a4748e91d23a4748e91d23a4748eb1d23ac748e91d23a4748e91d23ac7027d0d7d9f4dbfb1b624fe1976fe01a6af932a92544aae7790bb90b23728d205917f62d09fc19ff7e8f6b4fe06cd5518eb624a27448ae53b90ab91a20df15d50d5f059aa590d62f248aa5c946e7308110a2301b822dea5d1c4831a88c427548aa463de0891240881118327a10bbbc1c3187469512a235c895c83041185349dcaa50c63098635413ae853ab906048c3d0d6e35eb0bb93886e22624848641c234d3ae0d041232c884d1ec62a849b87bc3582c082a5544504631751b035825c2e5095046330a6330195c4ae044a10a31c80319d5bfa43e550b42118ea60632b6fa90ca507528256c8131fb8c81ef6864aa0ea504c8aaa84c87bd325507504b64936f32550ea504b64ad4a865755b77571d41d084a32692435c9eea857232150585944ea3f7dd1e973a0b594a42192db9b2ab0da894655505743dcce6a1f2d95dcf8cdc9cc2b9765bf3a86a1c6e1123eef2f9de36f62eb0ba597d438dbd24524de60b222616dc9223966306da2b951f65995547b65c7def325802c3ed90e8485199c0fe20091b5d25a20b344bf6b88151466922be1ed734b3581753b5d43cd56172b6b58cd8b0787b4ab8919b1f96da6d1466d247c9b4d92c66dfe7da56737bff3f8da567c412595cdd23edff9e20bfcdfb40c4909dada6e78822e66ff0087b4dccdd2adf3b4dccdedfbf69b99bffa369b99bad4ef69b99baff17fb40b5f89e20127c411afe3f4ff00ffda000c03010002000300000010fbefbefbefbefbefbefbefbefbefbefbefbefbefbefbefbefbefbefbefbefbefbefbefbefbefbefbefbefbefbefbefbefbefbefbefbefbefbefbefbe7befbefbefbefbefbefbefbefbefbefbefbefbefbefbefbefbefbefbefbefbefbefbefbefbefbefbefbefbefbefbefbefbefbefbefbefbefbefbefbefbefbefbefbefbefbefbefbefbefbefbefbefbefbefbefbefbefbefbefbefbefbefbefbefbefbefbefbefbefbefbefbefbefbefbefbefbefbefbefbefbefbefbefbefbefbefbefbefbefbefbefbefbefbefbefbefbefbefbefbefbefbefbefbefbefbefbefbefbefbefbefbefbefbefbefbefbefbefbefbefbefbefbefbefbefbefbefbefbefbefbefbefbefbefbefbefbefbefbefbefbefbefbefbefbefbefbefbefbefbefbefbefbefbefbefbefbefbefbefbefbefbefbefbefbefbefbefbefbefbefbefbefbefbefbefbefbefbefbefbefbefbefbefbefbefbefbefbefbefbefbefbefbefbefbefbefbefbefbefbefbefbefbefbefbefbefbefbefbefbefbefbefbefbefbefbefbefbefbefbefbefbefbefbefbefbefbefbefbefbefbefbefbefbefbefbefbefbefbefbefbefbefbefbefbefbefbefbefbefbefbefbefbefbefbefbefbefbefbefbefbefbefbefbefbefbefbefbefbefbefbefbefbefbefbefbefbefbefbefbefbefbefbefbefbefbefbefbefbefbefbefbefbefbefbefbefbefbefbefbefbefbefbefbefbefbefbefbefbefbefbefbefbefbefbefbefbefbefbefaefbefbefbefbefbefbefbefbefbefbefbefbefbefbefbefbefbefbefbefbefbefbefbefbefbefbefbefbefbefbefbefbefbefbefbefbefbefbefbefbafbefbefbefbefbefbefbefbefbefbefbefbefbefbefbefbefbefbefbefbefbefbefbefbefbefbefbefbefbefbefbefbefbefbefbefbefbefbefbefbefbefbefbefbefbefbefbefbefbefbefbefbefbefbefbefbefbefbefbefbefbefbefbefbefbefbefbefbefbefbefbefbefbefbefbefbefbefbefbefbefbefbefbefbefbefbefbefbefbefbefbefbefbefbefbefbefbefbefbefbefbefbefbefbefbefbefbefbefbefbefbefbefbefbefbefbefbefbefbefbefbefbefbefbefbefbefbefbefbefbefbefbefbefbefbefbefbefbefbefbefbefbefbefbefbefbefbefbefbefbefbefbefbefbefbefbefbefbefbefbefbefbefbefbefbefbefbefbefbefbefbefbefbefbefbefbefbefbefbefbefbefbefbefbefbefbefbefbefbefbefbefbefbefbefbefbefbefbefbefbefbefbefbefbefbefbefbefbefbefbefbefbefbefbefbefbefbedb6cbefbefbefbefbefbefbefbefbefbefbefbefbefbefbefbefbefbefbefbefbefbefbefbefbefbefbefbefbefbefbefbefbefbefbefbefbefbcf2c425b6d96d241dbcf3cf3efbefbefbefbefbefbefbefbefbefbefbefbefbefbefbefbefbefbefbefbefbefbefbefbefbefbefbefbefbefbefbe990f3072db79fac7f5230f3cf26f3cfbefbefbefbefbefbefbefbefbefbefbefbefbefbefbefbefbefbefbefbefbefbefbefbefbefbefbefbefbefbc51ccabb03040f3cf3c2e70f774d77efbefbefbefbefbefbefbefbefbefbefbefbefbefbefbefbefbefbefbefbefbefbefbefbefbefbefbefbefbefbcf247c1a03041d3cf3cb4c277551e7ecb2cb2cb2dbefbefbefbefbefbefbefbefbefbefbefbefbefbefbefbefbefbefbefbefbefbefbefbefbefbcb12d19a4000004114cf3cfb20410d3046fbefbefbe5befbefbefbefbefbefbefbefbefbefbefbefbefbefbefbefbefbefbefbefbefbefbefbefbcfbce0ca6114c200045f3cf3c8c3041055beadbefbefbe5befbefbefbefbefbefbefbefbefbefbefbefbefbefbefbefbefbefbefbefbefbefbefbef3cf3c507b4157ca0003cf210820c3041041f006befbefbefbefbefbefbefbefbefbefbefbefbefbefbefbefbefbefbefbefbefbefbefbefbefbefbef3ca26591d7ce30814f3ca430820c304104147043039afaafbefbefbefbefbefbefbefbefbefbefbefbefbefbefbefbefbefbefbefbefbefbefbefbef3ca32e8157ca00014f3ca410410c3041041042d08faafaafbefbefbefbefbefbefbefbefbefbefbefbefbefbefbefbefbefbefbefbefbefbefbefbeeb0157f7cfbebbefbcf3884104170cf3cf3cf3c353fbefaafbefbefbefbefbefbefbefbefbefbefbefbefbefbefbefbefbefbefbefbefbefbefbefbebac09cf7efbefbefbcf29041041f3cf3cf3cf39f1385df6ddbefbefbefbefbefbefbefbefbefbefbefbefbefbefbefbefbefbefbefbefbefbefbefbeab8ec3d7eeb4e34f39c4105cf3cf3cf3cf3cf29c53e75f7dbf4fbefbefbefbefbefbefbefbefbefbefbefbefbefbefbefbefbefbefbefbefbefbefbeba868357ebbcb3ce61041071f3cf3cf3cf3cf29053b55f7df54fbefbefbefbefbefbefbefbefbefbefbefbefbefbefbefbefbefbefbefbefbefbefbea8cec157cf3cf3cf3cf3cf3cf3cf3cf3cf3cf290457f7ffdf54fbefbefbefbefbefbefbefbefbefbefbefbefbefbefbefbefbefbefbefbefbefbefbeab4cbdf3cf3cf3cf3cf3cf3cf3cf3cf3cf3cf2a0d5467ffdf54fbefbefbefbefbefbefbefbefbefbefbefbefbefbefbefbefbefbefbefbefbefbefbea92383071d7cf3cf3cf3cf3cf3cf3cf3cf3cf290515fff00fdf54fbefbefbefbefbefbefbefbefbefbefbefbefbefbefbefbefbefbefbefbefbefbefbefb8dc304157cf3cf3cf3cf3cf3cf3cf3cf3cf290435fbffdf54fbefbefbefbefbefbefbefbefbefbefbefbefbefbefbefbefbefbefbefbefbefbefbef96dc10fefbcf3cf3cf3cf3cf3cf3cf3cf3cf29057ad5f55f54fbefbefbefbefbefbefbefbefbefbefbefbefbefbefbefbefbefbefbefbefbefbefbef1e6c11fefbcf3cf3cf3cf3cf3cf3cf3cf3cf290416ddf55f54fbefbefbefbefbefbefbefbefbefbefbefbefbefbefbefbefbefbefbefbefbefbefbefb808157efbcf3cb0cf3cf3cf3cf3cf3cf3cf29045755f55f54fbefbefbefbefbefbefbefbefbefbefbefbefbefbefbefbefbefbefbefbefbefbefbeab878947cfbcf3cf3cf3cf3cf3cf3cf3cf3cf29053c79f59c14fff00ff00ff00fefbefbefbefbefbefbefbefbefbefbefbefbefbefbefbefbefbefbefbefbef842a904157cf3cf3cf3cf3cf3cf3cf3cf3cf2905ff6d07cf3dfff00ff00ff00fefbefbefbefbefbefbefbefbefbefbefbefbefbefbefbefbefbefbefbefbefac0a924d77cf3cf3cf3cf3cf3cf3cf3cf3cf290734550b4ff00dfff00ff00ff00fefbefbefbefbefbefbefbefbefbefbefbefbefbefbefbefbefbefbefbefbefbce2b77cf3cf3cf3cf3cf3cf3cf3cf3cf3cf3c2dd456e9ff7ff00ff00ff00ff00fefbefbefbefbefbefbefbefbefbefbefbefbefbefbefbefbefbefbefbefbefbeb05761055f3cf3cf3cf3cf3cf3cf3cf3cf386e1b4cfbefbefbefbefbefbefbefbefbefbefbefbefbefbefbefbefbefbefbefbefbefbefbefbefbefbcf392e30c157cf3cf3cf3cf3cf3cf3cf3cf3bcd5f3efbefbefbefbefbefbefbefbefbefbefbefbefbefbefbefbefbefbefbefbefbefbefbefbefbefbee8d25150957cf3cf3cf3cf3cf3cf3cf3cb0bf5cfbefbefbefbefbefbefbefbefbefbefbefbefbefbefbefbefbefbefbefbefbefbefbefbefbefbefbea3de7ddf477cf3cf3cf3cf3cf3cf3cf2c9e1bbefbefbefbefbefbefbefbefbefbefbefbefbefbefbefbefbefbefbefbefbefbefbefbefbefbefbefbea3d16984fd3cf3cf3cf3cf3cf3cf29c1ef04d3efbefbefbefbefbefbefbefbefbefbefbefbefbefbefbefbefbefbefbefbefbefbefbefbefbefbefbea3d5695636efdfcf3cf3cf3cf3cf3f9b4ff00a7befbefbefbefbefbefbefbefbefbefbefbefbefbefbefbefbefbefbefbefbefbefbefbefbefbefbefbea3d67de5107d77bf0777cf34a7745172ff6ff00befbefbefbefbefbefbefbefbefbefbefbefbefbefbefbefbefbefbefbefbefbefbefbefbefbefbefbea3da7da41041b512ebdff008ff5dba7d57ffe8dbefbefbefbefbefbefbefbefbefbefbefbefbefbefbefbefbefbefbefbefbefbefbefbefbefbefbefbeabefbeabefbcb3d76d77df7df6d246fbefbff00fefbefbefbefbefbefbefbefbefbefbefbefbefbefbefbefbefbefbefbefbefbefbefbefbefbefbefbeabefbeabefbcf3df7df7df7df7df7efbefbefbefbefbefbefbefbefbefbefbefbefbefbefbefbefbefbefbefbefbefbefbefbefbefbefbefbefbefbeabfff00ff003efbe0830c3fbefbe2c30e3fbefbefbefbefbefbefbefbefbefbefbefbefbefbefbefbefbefbefbefbefbefbefbefbefbefbefbefbefbef3ca31f7df3cf3ce31c71f3cf3cc71c71f3cebefbefbefbefbefbefbefbefbefbefbefbefbefbefbefbefbefbefbefbefbefbefbefbefbefbef8a4a8a871ccb0c71db6c34df690420c1045f41042077add4fac3efbefbefbefbefbefbefbefbefbefbefbefbefbefbefbefbefbefbefbefbcf38c30e0853ab7cf3cf3cf3cf3cf3cf2c34f73cf3cf3cf3cf3cf3cf3cf0fc78fbefbefbefbefbefbefbefbefbefbefbefbefbefbefbefbefbefbefbef3e585c77b3cf3cf3cf3cf3cf3cf3cf3cf3cf3cf3cf3cf3cf3cf3cf3cf3cf3c3f4fbefbefbefbefbefbefbefbefbefbefbefbefbefbefbefbefbef3a598fbb73cf3cf3cf3cf3cf3cf3cf3cf3cf3cf3cf3cf3cf3cf3cf3cf3cf3cf3cf3c6fefbefbefbefbefbefbefbefbefbefbefbefbefbefbefbefbef80d0e5dcf3cf3cf3cf3cf3cf3cf3cf3cf3cf3cf3cf3cf3cf3cf3cf3cf3cf3cf3cf3cf29d3efbefbefbefbefbefbefbefbefbefbefbefbefbefbefbefa8805f3cf3cf30c3cf3cf3cf3cf3cf3cf3cf3cf3cf3cf3cf3cf3cf3cf3cf3cf3cf3cf3c2fcfbefbefbefbefbefbefbefbefbefbefbefbefbefbcfbecaa33cf3cf3000033cf3cf3cf3cf3cf3cf3cf3cf3cf3cf3cf3cf3cf3cf3cf3cf3cf3cf3cf3bfbefbefbefbefbefbefbefbefbefbefbefbefbef3ef30bbdf3cf3ca0011cf3cf3cf3cf3cf3cf3cf3cf3cf3cf3cf3cf3cf3cf3cf3cf3cf3cf3cf3cf3ce76fbefbefbefbefbefbefbefbefbefbefbefbefbca2e77cf3cf3cb0cf3cf3cf3cf3cf3cf3cf3cf3cf3cf3cf3cf3cf3cf3cf3cf3cf3cf3cf3cf3cf3cb36fbefbefbefbefbefbefbefbefbefbefbefbefb98e7f3cf3cf3cf3cf3cf3cf3cf3cf3cf3cf3cf3cf3cf3cf3cf3cf3cf3cf3cf3cf3cf3cf3cf3cf3cf3c73efbefbefbefbefbefbefbefbefbefbefbefa8a9cf3cf3cf3cf3cf3cf3cf3cf3cf3cf3cf3cf3cf3cf3cf3cf3cf3cf3cf3cf3cf3cf3cf3cf3cf3cf3c97efbefbefbefbefbefbefbefbefbefbefbefbe77cf3cf3cf3cf3cf3cf3cf3cf3cf3cf3cf3cf3cf3cf3cf3cf3cf3cf3cf3cf3cf3cf3cf3cf3cf3cf3ca3cfbefbefbefbefbefbefbefbefbefbefbeab7f3cf3cf3cf3cf3cf3cf3cf3cf3cf3cf3cf3cf3cf3cf3cf3cf3cf3cf3cf3cf3cf3cf3cf3cf3cf3cf3cf21fbefbefbefbefbefbefbefbefbefbefbe5bcf3cf3cf3cf3cf3cf3cf3cf3cf3cf3cf3cf3cf3cf3cf3cf3cf3cf3cf3cf3cf3cf3cf3cf3cf3cf3cf3cf3fdbefbefbefbefbefbefbefbefbefbefbe77cf3cf3cf3cf3cf3cf3cf3cf3cf3cf3cf3cf3cf3cf3cf3cf3cf3cf3cf3cf3cf3cf3cf3cf3cf3cf3cf3cf2cf3efbefbefbefbefbefbefbefbefbefba7fcf3cf3cf3cf3cf3cf3cf3cf3cf3cf3cf3cf3cf3cf3cf3cf3cf3cf3cf3cf3cf3cf3cf3cf3cf3cf3cf3cf3c5befbefbefbefbefbefbefbefbefbefb8f3cf3cf3cf3cf3cf3cf3cf3cf3cf3cf3cf3cf3cf3cf3cf3cf3cf3cf3cf3cf3cf3cf3cf3cf3cf3cf3cf3cf3cdbefbefbefbefbefbefbefbefbefbefb6f3cf3cf3cf3cf3cf3cf3cf3cf3cf3cf3cf3cf3cf3cf3cf3cf3cf3cf3cf3cf3cf3cf3cf3cf3cf3cf3cf3cf3c27efbefbefbefbefbefbefbefbefbefa5f3cf3cf3cf3cf3cf3cf3cf3cf3cf3cf3cf3cf3cf3cf3cf3cf3cf3cf3cf3cf3cf3cf3cf3cf3cf3cf3cf3cf3cb7efbefbefbefbefbefbefbefbefbef89f3cf3cf3cf3cf3cf3cf3cf3cf3cf3cf3cf3cf3cf3cf3cf3cf3cf3cf3cf3cf3cf3cf3cf3cf3cf3cf3cf3cf3cafefbefbefbefbefbefbefbefbefbef95f3cf3cf3cf3cf3cf3cf3cf3cf3cf3cf3cf3cf3cf3cf3cf3cf3cf3cf3cf3cf3cf3cf3cf3cf3cf3cf3cf3cf3ca7efbefbefbefbefbefbefbefbefbef97f3cf3cf3cf3cf3cf3cf3cf3cf3cf3cf3cf3cf3cf3cf3cf3cf3cf3cf3cf3cf3cf3cf3cf3cf3cf3cf3cf3cf3cbfefbefbefbefbefbefbefbefbefbef9ff003cf3cf3cf3cf3cf3cf3cf3cf3cf3cf3cf3cf3cf3cf3cf3cf3cf3cf3cf3cf3cf3cf3cf3cf3cf3cf3cf3cf3cff00efbefbefbefbefbefbefbefbefbefbef3cf3cf3cf3cf3cf3cf3cf3cf3cf3cf3cf3cf3cf3cf3cf3cf3cf3cf3cf3cf3cf3cf3cf3cf3cf3cf3cf3cf3cabefbefbefbefbefbefbefbefbefbefbef3cf3cf3cf3cf3cf3cf3cf3cf3cf3cf3cf3cf3cf3cf3cf3cf3cf3cf3cf3cf3cf3cf3cf3cf3cf3cf3cf3cf3cbbefbefbefbefbefbefbefbefbefbefb6f3cf3cf3cf3cf3cf3cf3cf3cf3cf3cf3cf3cf3cf3cf3cf3cf3cf3cf3cf3cf3cf3cf3cf3cf3cf3cf3cf3cf3cbbefbefbefbefbefbefbefbefbefbefbff003cf3cf3cf3cf3cf3cf3cf3cf3cf3cf3cf3cf3cf3cf3cf3cf3cf3cf3cf3cf3cf3cf3cf3cf3cf3cf3c934f3cf3efbefbefbefbefbefbefbefbefbefa3f3cf3cf3cf3cf3cf3cf3cf3cf3cf3cf3cf3cf3cf3cf3cf3cf3cf3cf3cf3cf3cf3cf3cf3cf3cf3cf392ed53ce3cfbefbefbefbefbeffc400201100010402030101010000000000000000010011405030601020413121a0ffda0008010301013f10fe48869c13218084c993264c9b401d06537cc805fbcb26c86f40e041378c9bb3e537a713a7c06efde06164c9b01bb68cd722380993264c9acc7d8e742398dc8180e7380d8fb1ce0363ecf362239c06c47c8e701b11f239c06c47c8e701b10f1ce0362239ece9d1b11f639ec78365f7910cf57474e3cb7564da39d30ea06f418874d74e9f4c257ef274c3aa1d04623d4e8234c3d0743a41e83a1d0bd4d8c727a9ebf899326af64c993264067680c9aac543537d4d544528ac228d8a02b48a116044f64d6244d0859b4c034f02d889235002e0ea0638d4069e2ecc5176628bb3145d98a2ecc5f2ecc5f2efc8a2ecc5176628bb317cd4068fffc4002211000202020203000301000000000000000111005010402030213160415170a0ffda0008010201013f10ff0023c7445f93871c71c71c71c71c71c71e047079bc383d6e3c0e02f0e09ef063c0ba71c2613a0f22e1c797e34c182e9c7d8a2e82f8671c7d2774f54407f76cf0e1e634418e38e3b63ac0db1c2c1d61c415079b1263c1d60638380aff00cd08f883d02c04316f0b13b2390b02218760607015ee130ed28380b43b82c4ef8f8a1c858ad91c87c50c0c28ac118b0b60600b95aa04015b2c2846a08a017674c402f08d10228a0bc3c0f68c1be5145145d2a28a01823e0cf69bf3f207b47c08fa206e1e5f69e971e40118352d471e1c71e09d07a00a086e98f171d282808a36a1c38e3a91443835a0cf740706b815017b87c471c2613600adb261397644b68e1c26d09ec986d87880bd83705b06136e202f5cdc96b9b907ceb95d0d626e87ad527c7f5b0f6f907b6afb5dfb7c83db54dd8f7aa6ec7bd53763dea9bb1abedfc5dfffc4002e100100020101060602030003010100000001001121311020415060f13040516171a181b17091c1d1e1f0a0b0ffda0008010100013f1056dee1fd57f102b6f77f102aaaeb77ff00e2be5b82edc1fc4004138dff00103b3ee7de3f88153fa23ffd445ff0ed4a8c61bd095ea47de592cf5964b2592c964b259fc204349c231985dcaf09a8a81b80fa303e8ca7d253ef33ef33ef33ef33ef0e172e5ff07592e63617083da301eb0989c6544952bda2372a12ff008188eeb16a6a839834842ae919798e1b62cd6136b1f5a1ea6c0bd0cf7e7bd3de8920c22db015bec1cf5fd475969666605a118b71850aeb30b3286b0dc30981c60485b8179d83b0166e24a59ee44a1ccb810d1181986966d06dcc0ebd35d8b12d9abf301abe333c758815e7e21eb3a4a6a748157b43d374dfa95312886ab49c6e30462a4e11a3a8ab533ca65888f5f02a59963ec8d5712f494d5c2080384e12f7cf01daa8b23a4c329d25758c51cc22cd60366b2e3d7cd44205e314994c78eba4021c304b97e09e03b08964a4a09a2704102aa314fd45035859a7ae98a8a8ca98416bf13fe81095415870944c6cbf06e5cbdeadb718c0a8434e92d8d22eafea71ff009e1344245ca1626654a952a54a952a54a952a2754e888164b34e929bfa41e0e10663840002579037ddfa34ca468cf0829a04b14690d0b305f15ea9d1018333cd3e209a7ea000095b2fc5a952b7b32e5f8022a34740238418a25aebe2baf54a5e19c0e402a3ea2566983899f18f01f0c8c96b2e150f0410d3c57aa6a3a211511d5220ebbb52a54ade256e5cb972e5f886c68bab168999c0010f11ea817462b2881086c7c5371f2752e975a80531c3475a54043624bc06daf14db7e4ef65591add60a068438758969c464d2423d61984b97b38ca952e5cb97b7333330d8f95bd8b14cc6118f888ea56cb972f75ea63589592cacb10b7e4df2e1b8b4fc4d3fc62528ea475dc371ea6358e61acb13a46057937cba3713112e1898a758ebb86e3d4d88360364d8ed3c83e6384628d269be31c39dc371ea2b83b1689446a9c0a461b2a56f32a54a952b76e3e012a54a952a54a952a54a952a56dd4804d198075b9583bcf5123734d658cb0c6b287f116c66bb1f22f84791748aa3d227e58ab8684add7a8b8c284ce84530d61c2fb4556f947c23c7bd8c446bde58e38cf4610d375ea2d5054e5845616d76b0f22f8478eedd0c429b34abea81a6d868130ca620f68c67186c376f6dcbddb972e3b84a952a54af20cb971d235bed0ecfacb08041f5df7a8344635c7a7e2525ee1e54f2aee27f4627e799bf30e1e03d3fa664cba12b1b26e1b952b6d4adb72fc0b97e51dc6a5ed3fb79f7e189f11df7a7f4c398ce3142a3c23b87973c9bb872f862cb36043aefbd4039843640081356e1ca9dc748bb42e99881a0c163bef50157343781ca9dc7466bf8cfbf2df01e9f21343606bcc9d19afe0cfb7b0df7a7c8cd3fc4186bb333333cbdd18738b3efc7c07a7c9a2642fda10701bd99999e4eee9681a33ee782f4f9344fd29ae3cb9ddfa4fea7dcf05ea0749a33547973bbf4bfc9f73c17a874bf1b07973bbf4bfc9f7361bef50134b64f2e7719f4a7dcd86d371ea0359a3f8d93cb9dc67d29f7361b4dc7a7dd26b9a3f8d9bcb9dc78cfa4fea7dcd86d371e9f7483598f5c4b2951dc3c4b972fce3b89ac42b5c196bbe371335b86e3d3ec189469ed1eb86e1e39e6ddc74638352cc5c63c770dc7a812c8e94880a556e1e254a95e71dc597c460bd258a0dd3b86e3d3e6cc5961fc4770e54ee2e07089f9a3dbe6686e1b8f4f90846007a47b86e12e5cbe4eed746294a88fc902f9e315041972e0cb972fa8460cad489531e5aed703181f4b965f10b86e1e3bd2a4225c6b18863cb5dba91c0e17115354486d3c77a5860cd28f2d7733fec8997630d5da78ef4bdc025994bb11c41b84a952b945c707e2094c188ca6abb1d761acb970f1de984564a188a9d21af2cf58a508ecd6631763e2af75e9849a4a827079023b6e5cbe4ce8c0b684543c5864b8ebb5952a04af0eba6dd22be24a231953b5e50c161c2553de392b8c34a8bb6baac62356d6605c7288eedcbe46822e91811c4771f581b6bab58832d20326215300e9ca12459a9a6b0992d4c758ba47aba4b6cc24a793b00163923324211eb0a88cc2ccbe289883b95b125724161766f14d4d6c7abcdc64a97a2889c510a1d9c79124d316991170e3341d646e8e08c301130a1931b38f20016c609d21680748b30d8f581b8cd71428856185845182259b38f9f43a3348895d222e38c06abac8dae9b04218e66057ac305cfcc5d4eb02c347cdd90b6c1ba2d2e2217bca1133142c5eb136ba6c7684cbd6085d6547dbd600134db72fcab11a81c500b65ae6304ccab2dbc363d626d74d8ed5dca03c186b5f4e33f04f5820571966bb2cf2d702d5c460bfb95435f981511665375eb136ba6c76e671b80abe10d63a7bcd491e2b8cb12e621a7935a2305d200b7f71256bf31cc358050ca22e28dcf4eb237599dac5ddcc2ae55184075f98d0a7ee2a91d606a5ee2ca4a6cbdebd800b65d96095b16abf71e83f72b86bf30a820ee0a731770eb2371d371d776d0354cc7a8b117b6d5110b8b8d60c332895b8c60c64cb1625cc156b100732e22b0e117d70967586bd766e3a786a80e8e90355a2615482c1a661436cbfac746d27c89f227c89814c518187a0e215c4550c63c19575712e12b6ba6f9d646e3a786989c61c252c861ec9a35269ce7bd80e29efa7be9efa29938ae59962cd63546d8405e929e92a3a6d77c8f589e032a54a952a54a94946c53abb12e525251e928f4947a4a3d206e56cb65ce3197b6a54a952a709c7ac4f01f3847c123d62780f263ac8f01fe183c763aef9e03bb6ccc35eba3c77c03c077ceba3c8d4a952a54af0aa54a952a57585eed931ebba6b894fa30e029ef27bc9d8a7669d9a7669d9a7669d9a7669d9a7669d9a7646764676467646764676467646766676667666766676667666766676667646764676467646764676467646764676667666766676667666245bfd1d5092a2d4298a95f480c88ac86299b47b059828ca997cc15a8bd368162952c884b382075900c8ffa09da23ff00513b06e5507689da27688ffd44ed13b46c8ed1b23b44ed13b44ed13b44ed13b44ed13b44ed13b44ed1b13b44ec13b44ed13b44ed13b44ed13b4469cd1f12d1b371552fe87dea53d5fd4a1fb08a7f4a114afc54fea21451f7ea258972ce6f61b8a359718587bb87ba1aeb851f204a952b6be29b1f0ae544d8ac453506095f25176a8f1ff9a3968a7a7fa10acd0f55feea55197b95d3b53b21afb8b64236fda309185b81f3f34ef666654a952b72a54a952a54a952a578297ac601b1eb472c501f66329f28749f0979a811c31d80a4ad96c2421c62500b0018f3d52a572112893e265113f0970b3ec94445ef8e90f84a8d3846f06a99eb9988ff0098271898cb853a1950af923ad4bd18f3653899e8ef94b9c6b8165cbd7f6874c6babd929d146d01186bf1111a0ae89bd86a12bd52ca4245602b0749946a1d1cf427ba5f017818e1a4e86be1038ec1ccf47ac002f8c3ae02a9abd2280446546d7d119012ba12f84084560897ab09728c173082169933d269161d6baf58fd457b741d661ac22e41e3b3416ae100ace90037c7a59d603818f9057b7418b64c88c666970bf48003c4b972fa2dc8e783e91608d707a0458231665dae28af48141e1e77730e8a5667b31e88fa39fa29888ccccc0d1d0865370a57857d269cf3c1f48940d70e7a97897bdc9797e9310f6f0ddeae8f5c8f631083879d86f4d987f488f460c4e1e13bb5d242c187dc450d39c86427ce12b631eb0d21e31d2a028f9888a3ce13f24acfd91d28430788ecae9626c83888c1964e6f961eb2d612a352a7bf8d5d302899e12e2af9a302e91468e32cfec95abaf53f0980731a6bcd1ad80a9798681f48f540a961c3104e8e8f3341ac374802aa50aeaab82ff820451d4e65c311d263dd5af55a011d18ea8659e64129711f511eac0443892e16b7cc05892c218814756a094e9300d591e5fa230f44a00abeafc3ccea894d3c39702cca07f11eaf15744a97c72d3583506ac0235d5eb1c0b89cb74258a3ac8b9a64829e586cfbca06b397597ba04a37bf2c408e300c687593929944d33cb332f869d6994f5ae56c221e065cf5a50f09b3ff007f7cadc550d2381d6953e53fea9e579c1a67ad50cd7f467fce5757e275afba21f51c34f06b949a84a57d5eb6457553fa794e993f02eb521a0ffc2df29c8be20a3ec75a93f023fd97ca4dfbe90d1fb1d6df43f4e53f9910280eb677ed51f4e5340f78f5a93ee1fae5391e831eb527c86df4e526cbe9d6ff0057f43948bf8ffc75be0dec7eb94ebbedd6f62f45ff003fce53f53adcfe5ff4f29fa30eb560cbf1fbe53f461d6acf9903f5ca7e8c3ad59f6bfc729fa30eb567ddff001ca7e8c3ad597fa6aff63ca7e843ad59637d1794eb9edd606f105d9c03f6729754f67ab98c361b84ccbff33ca6d5f863d5aec361bb5df73fd7291aa3af55dc63a4369aee9a1eacfaf2ff00ffd9, 'Active', 0, '2024-12-19 12:50:12'),
(241, '7676', 'hr', '', 'hr', '87654', 'hr@gmail.com', 'hr7676', NULL, NULL, 'Active', 0, '2024-12-19 13:30:10'),
(242, '13456', 'Miller', '', 'Morales', '09591552657', 'Miller@gmail.com', 'Morales13456', NULL, NULL, 'Active', 0, '2024-12-26 11:48:05');
INSERT INTO `employee` (`userId`, `employeeId`, `firstName`, `middleName`, `lastName`, `phoneNumber`, `emailAddress`, `password`, `designation`, `profilePicture`, `status`, `department`, `dateCreated`) VALUES
(243, '2893783', 'Multi', '', 'Role', '08654323567', 'facultystaff@gmail.com', 'r1234', NULL, 0xffd8ffe000104a46494600010101004800480000ffe100744578696600004d4d002a000000080005011a0005000000010000004a011b00050000000100000052012800030000000100020000021300030000000100010000c6fe0002000000110000005a0000000000000048000000010000004800000001476f6f676c6520496e632e20323031360000ffe202284943435f50524f46494c450001010000021800000000021000006d6e74725247422058595a2000000000000000000000000061637370000000000000000000000000000000000000000000000000000000010000f6d6000100000000d32d0000000000000000000000000000000000000000000000000000000000000000000000000000000000000000000000000000000964657363000000f0000000747258595a00000164000000146758595a00000178000000146258595a0000018c0000001472545243000001a00000002867545243000001a00000002862545243000001a00000002877747074000001c80000001463707274000001dc0000003c6d6c756300000000000000010000000c656e5553000000580000001c0073005200470042000000000000000000000000000000000000000000000000000000000000000000000000000000000000000000000000000000000000000000000000000000000000000000000000000000000000000058595a200000000000006fa2000038f50000039058595a2000000000000062990000b785000018da58595a2000000000000024a000000f840000b6cf706172610000000000040000000266660000f2a700000d59000013d000000a5b000000000000000058595a20000000000000f6d6000100000000d32d6d6c756300000000000000010000000c656e5553000000200000001c0047006f006f0067006c006500200049006e0063002e00200032003000310036ffdb00430006040506050406060506070706080a100a0a09090a140e0f0c1017141818171416161a1d251f1a1b231c1616202c20232627292a29191f2d302d283025282928ffdb0043010707070a080a130a0a13281a161a2828282828282828282828282828282828282828282828282828282828282828282828282828282828282828282828282828ffc20011080500050003012200021101031101ffc4001a000100030101010000000000000000000000010205040306ffc400160101010100000000000000000000000000000102ffda000c03010002100310000001fb6f3b575000000000000000000000000000000000000000000000000000000000000000000000000000000000000000000000000000000000000000000000009800000000000000000000000000000000000000000000000000000000000000000000000000000000000000000000000000000000000000000000000000000000000000000000000000000000000000000000000000000000000000000000000000000000000000000000000000000000000000000000000000000000000000000000000000000000000000000000000000000000000000000000000000000000000000000000000000000000000000000000000000000000000000000000000000000000000000000000000000000000000000000000000000000000000000000000000000000000000000000000000000000000000000000000000000000000000000000000000000000000000000000000000000000000000000000000000000000000000000000000000000000000000000000000000000000000000000000000000000000000000000000000000000000000000000000000000000000000000000000000000000000000000000000000000000000000000000000000000000000000000000000000000000000000000000000000000000000000000000000000000000000000000000000000000000000000000000000000000000000000000000000000000000000000000000000000000000000000000000000000004c7a1e600000000000000000000000000000000000000000000000000000000000000000000000000000000000000000000000000000000000000000000005e962a0000000000000000000000000000000000000000000000000000000000000000000000000000000000000000000000000000000000000000000000000000000000000000000000000000000000000000000000000000000000000000000000000000000000000000000000000000000000000000000000000000000000000000000000000000000000000000000000000000000000000000000000000000000000000000000000000000000000000000000000000000000000000000000000000000000000000000000000000000000000000000000000000000000000000000000000000000000000000000000000000000000000000000000000000000000000000000000000000000000000000000000000000000000000000000000000000000000000000000000000000000000000000000000000000000000000000000000000000009109a924900000000000000000000000000000000000000000000000000000000000000000000000000000000000000000000000000000000000000080004c0b2022609b5248ade0a5ac2ab0aac2ab0aca0944800000014000000000000000000000000000000000000000000000000000000000000000000000000000000000000000000024844c040924ac7bfb9c57eff5387dbb2e715bb2c71cf64cbc53d833eba109c0ef8accf0d7f3321ab4335d1e679a4420480280000000000000000000000000000000000000000000000000000000000000000000000000000000000000000000910a7a49e1ebe9a11c7d5d1ec73fafa16b6100050000000488b41e1cfdb064f86cf31956f7a544c04000140000000000000000000000000000000000000000000000000000000000000000000000000000000000000004416874c57ae7a8a7bca2400a080a00000000202c48914f4839f974bceb1fc7638ce43d0f35a084aa1221221221221221300000000000000000000000000000000000000000000000000000000000000000000000000000020ac5bd62fa7e3dc52f2800140000000000002000b000239fa60c2f3d1e1a9aa00a00000001130000000000000000000000000000000000000000000000000000000000000000000000000001000f42ddfe7dc47a100000a000000000000120014000079f1e879984efe1a8140000000226000000000000000000000000000000000000000000000000000000000000000000000000008000b7479f79ebd15b4000000a000000002000040014000002f9e46de7599e280000000800000000000000000000000000000000000000000000000000000000000000000000000000426247a475c5bb664b0000500000000004000002000a00000078fb52b33976f2eb9d6a840944800100000000000000000000000000000000000000000000000000000000000000000000000000084c58f5d0e4d38b2400002800000000020000010005000000224578743c6b1e9ebe55004c4800100000000000000000000000000000000000000000000000000000000000000000000000002007a79fba76f778fb4a002840000000500002000000a0000000000026670ec64d79cd2c4c800040a000000000000000000000000000000000000000000000000000000000000000000000013131116a1ebd9cfdf1d561410250000000028004000000050000000000405a64ecf0265cfa52a600002131400000000000000000000000000000000000000000000000000000000000000000000002610aa4e9d1ced493d8280128014000002000000a00000000000000200e5eaf1327c3db9abd26240000213140000000000000000000000000000000000000000000000000000000000000000000002222f4f53a74f834a0000250028000100000000050000000000000401e7e9063737672d4c5e800000898a0000000000000000000000000000000000000000000000000000000000000000000001311d1e1ee697bf8fb492140050000000000000000000000000000010003932f57288800028044c500000000000000000000000000000000000000000000000000000000000000000000026261efe1ec6a7b797b4000a000000000000000000000000000000100815cd93ad9479c800140226280000000000000000000000000000000000000000000000000000000000000000000013130f7f0f7362d5b40000000280000000000000000000000000080015c3ddc22800028044c5000000000000000000000000000000000000000000000000000000000000000000000043a39fa4d7b56d00000000a000000000000000000000000002000570f730cf3989000a01131400000000000000000000000000000000000000000000000000000000000000000000004f473f446b5e97800201400a0000000000000000000000000010044c15c4dbc43cc5012001131400000000000000000000000000000000000000000000000000000000000000000000003a797a2362fe3ed0004028014000000000000000000000000002008914c3d7ca3c850120011314000000000000000000000000000000000000000000000000000000000000000000000111e94b1abd79da300001280140000000000000000000000000020020e1e0f7e3ab40012001131400000000000000000000000000000000000000000000000000000000000000000000098984c49d7ab8da71ec000142028000000000000000000000000004015b78993c9d5cd579ad80251200898a0400000005000000000000000000000000000000000000000000000000000000000000089981ebdf9bd91a60000001400000000000000000000000000401c1dd9273f95e2ab681200000b0000000005000000000000000000000000000000000000000000000000000000000000084c0b75727ac6e38fb022400005000000000000000000000000001008c5ece129131511304800040a00000000140000000000000000000000000000000000000000000000000000000000002004c0ebd4c4d38eb0028000000000000000000000000000003cefc29c9e28a9acc089804808140000000000a00000000000000000000000000000000000000000000000000000000000010000ebe4f4372dc5d7160000028000000000000000000000000a95c7eccf4ac95000a000000000000000000000000000000000000000000000000000000000000000000000000000000084c0eaefc9ee8d09f3f4000000500000000000000000000002bcb1ce9e3e3302262828000000000000000000000000000000000000000000000000000000000000000000000000000000013004fb7841abd787a47622650400140000000000000000000010e438bce9081482800000000000000000000000000000000000000000000000000000000000000000000000000000000131204011ede526b7563ea47a05040500000000000000000000791e59b144acc4d08028000000000000000000000000000000000000000000000000000000000000000000000000000000001312040826d41e9d99f06f7ae4e847b0500000000000000000020930f15b7178f1a5a25564044c50000000000000000000000000000000000000000000000000000000000000000000000000000000000098902113000a5c5bb782d1b5e995d6763cec4cd6c028000000000000a96ad3c527969ca5a9336540989105a00000000000000000000000000000000000000000000000000000000000000000000000000000000002624084488000a5c3dfc068f46358dbf4c4f6359c3d51e882c840014a0b808f04f7ae6f39ade39915d9e3e227cec22d040a4c4c40b400000000000000000000000000000000000000000000000000000000000000000000000000000000004c48100400000002b2a1ed7f0b9d9d19c8d6b628dcb610dd610d9a648d3a678e8e7ad4989b1594d4011308005262484c2800000000000000000000000000000000000000000000000000000000000000000000000000000000009890000002001000004c00000000002604a24100500002000a000000000000000000000000000000000000000000000000000000000000000000000000000000000989000000200100000000000000000000050000000000000000000000000000000000000000000000000000000000000000000000000000000000000000098902000028000044c000000000000000000000000000000000000000000000000000000000000000000000000000000000000000000000000000000010000989091091091091091091091116155855615585522122122122161558556155855221221325450000000000000000000000000000000000000000000000000000000000000000000000000000000416f639bd3abd639bd3afd4e1b688e3f4e82f8cfa8f39b8ac5c5172517149b16b172517145c517145c517145c517145c517145c517145c517145c7378680ce8d218fe5b935f3d1f435301b1e0673a7c2aa0000000000000000000000000000000000000000000000000000000000000004904909808b15b5fdcf3f4e9f68e5f6e9bc78fac805000000000000000000040014000000000000000000079fa0e1e5d827cfd7e879ab1dd7cd5500000000000000000000000000000000000000000000000000000000400022444dfdcf1e9e8e939bd7dd15b8a000000000000000000000000000000000000000000000000000f3f419fc7b909f3cd5cdd280000000000000000000000000000000000000000000000000000080266be878f5f9e91e7d1eb688914000000000000000000000000000000000000000000000000000000001e5ea31b9be873ecce4c50000000000000000000000000000000000000000000000000409133729d33db1e5d36924280000000000000000000000000000000000000000000000000000000000001c997bfe3661bd7ca800000000000000000000000000000000000000000000000827dcf2ebb758f720140000000000000000000000000000000000000000000000000000000000000000f3c8dba2603dfc34000000000000000000000000000000000000000000080133ec57be3b22be8280000000000000000000000000000000000000000000000000000000000000000000079e3ee792613d3cf400000000000000000000000000000000000000008012f527b6bd90f4005000000000000000000000000000000000000000000000000000000000000000000000039b23e8382ccc4c500000000000000000000000000000000000004009892ddbe1df1e9ed1202800000000000000000000000000000000000000000000000000000000000000000000000018fcbbd896505000000000000000000000000000000000001008bc74475762ca0a000000000000000000000000000000000000000000000000000000000000000000000000000e0ef83e7e3dfc350000000000000000000000000000000000008105f43935e3d0280000000000000000000000000000000000000000000000000000000000000000000000000000072e47d0e359cc28000000000000000000000000000000000216ae847bf580280000000000000000000000000000000000000000000000000000000000000000000000000000039fa07cf474f36a0000000000000000000000000000000000b47b6bf2774028000000000000000000000000000000000000000000000000000000000000000000000000000000007264fd061d9e42800000000000000000000000000000009f4f3ed8d0f4250000000000000000000000000000000000000000000000000000000000000000000000000000000000199a7cc98c98d00000000000000000000000000000000b6c65edc4894000000000000000000000000000000000000000000000000000000000000000000000000000000000056c3029efe1a80000000000000000000000000000002c686878fb640a00000000000000000000000000000000000000000000000000000000000000000000000000000000000195c5a39d60500000000000000000000000000000f6f1ee34e4cd000000000000000000000000000000000000000000000000000000000000000000000000000000000000038b2b730ec0a00000000000000000000000000001a999b11d225000000000000000000000000000000000000000000000000000000000000000000000000000000000000023e7fe8702ca0a0000000000000000000000000000277313762e250000000000000000000000000000000000000000000000000000000000000000000000000000000000000187b9896780a00000000000000000000000000002fbd85bd01280000000000000000000000000000000000000000000000000000000000000000000000000000000000000c7d8c64e61a00000000000000000000000000001efb78fb101280000000000000000000000000000000000000000000000000000000000000000000000000000000000000c5dac6b398500000000000000000000000000001d9ad97a990280000000000000000000000000000000000000000000000000000000000000000000000000000000000000c7d8c74e51a00000000000000000000000000001dfa799a790280000000000000000000000000000000000000000000000000000000000000000000000000000000000000c9d6cb4e11a00000000000000000000000000001dfa799a79a000000000000000000000000000000000000000000000000000000000000000000000000000000000000000ccd3ce3386a00000000000000000000000000001dfa799a79a000000000000000000000000000000000000000000000000000000000000000000000000000000000000000cfd0cf3346a00000000000000000000000000001dfa799a79a000000000000000000000000000000000000000000000000000000000000000000000000000000000000000e2ede43206a00000000000000000000000000001dda995ab90280000000000000000000000000000000000000000000000000000000000000000000000000000000209000039fa3c0c41a80000000000000000000000000000766b656ae40a00000000000000000000000000000000000000000000000000000000000000000000000000000008804c090a03cbd6a7cf8d4000000000000000fffc4002c1000010304010304020202030000000000010002110312506032042131132233701040142030a04180b0ffda00080101000105027f2fa7dde7ff0029e672fa7dbcbe9f1e7fdf21bf83ff004f9ad95e985e905e905e805e805e805e8046885e905e905e904e6428fa3ed5e905e885e8042980ad56a8fea42b55aad4592bd10bd009d4401628fa2004188510bd20ad51fa244a34c2753105a8fd096ab10a223d30a3f5a251a613e908b028fa04041810a63f623f244a75310e6087081bf060418106fef16ca752115181a146f250549b243045b81a8d05ae1067783f8637bd2689c11ee9ec12e1df78a6d92ca62436309684e6097763bb344aa4d12061ad4e6097763ba054c7760ef87b5541eedd29892c6890312f6f7779dc9ad954e9c10314427533246e21511eec6bc7bb70a7e698ef8d737b9f3b7d11ee031c4278f76dccee69361d8f7b4c9f3b6d11ee6f9c7b8278f76d81521ee190213dbdf6a282679a7e722e1dc8efb494153e4cf391213bcced747937ce44a7f9da82a23dd19229fe76a0a8f2c9bfced54b93477c9b82779da69726f9c994ef3b4d2e4df39329de769a5c9be72653bced3439e50a7f2da6873ca14fe5b4d0e632853f96d34398ca14fe5b4d1e632853f96d34790ca14fe5b4d1e432853f96d344fb9a7be4cb93bced34b930f7c9b8f727bed2dec6899764deeee4f7daa873c914fe5ff3b55230e6ba4e4494fe51b5b3cd23eec8b9dddde76b0a81f7e45e7dc76de9f9e45fcb6da6eb4d3a85c71eeaa41264edd40fb81c7129fcb6fa661d4dd271ae7f771efb7f8541def07184a7bbddb8d33069be4ce2a539fddde7710a99eec3df1129c538f7dcd9e699ee0e21ce124a3e77309a60d37899c34aa87ddbb154bb1a6f1338573c4bf96f148da69bc13833504bfbbb7aa46d21c30550c07193bdca6bc4078fdf28bc055aa35cddf9ae101c23f7253dc22a196efe0a0e083c44fed129cf10f7820fd03283c20f0a7f5e55e13de21ce11287d061c8540bd40a7f4ee46a04ea820bc22e47e87957141e507140ff0084ff00429c7b1798bca9fa3655c55ee4c7941c815287f472952ae29ef2af2a7e92f0ae2af2af72f51cbd472f51cbd472bdcaf2ae2ae28ffa7342850a142850a142850a142850a142850a142850a142850a142850a142850a142851b64a9fc42b5008317a52bf8e850428a14d5815815815a15a15a15a15a15a15a15a15a15a15a15a15a15a15a15a15a15a15a15a15a15a15a15a15a15a15a15a15a15a15a15a15a15a15a15a15a15a15a13a8b0afe3afe3afe3a345e116386cb0a1420d429a1490a68372b08b5a51a0c28f4e8d170511af041a853429214d06a0338580a75009d45c11046b41929b4d369f60c406844029d45a53a8382223529fc86ca6d19029420c4068ee6829d413985ba8420d4da729b4935b1a6d4a20a7348d398c90da49ac8434f7b03954a65ba60677a6cec046a444aab47490106214d0edaad5a57222346841883146af5181c1edb4e86106a0cd69ed0e151969d06c42920cd71ed0e151969cf86a0c56ebcf6dc2a32d39d0101b0d46dc1edb4e6c04021b15665c088cd00804364af4f3210086cd59969cb8080d9ea36e6b841ca84d6a1b4750cca84c1dc78da0f7555b6bb26d5406d75d9737245516ca6081b5d66daec886dca832d1b6566dcdc8f4eddbeb36d763e8892d1036eea1b2dc705d3b7703dc3c43b1acf2c10ddc3a96f7c6f4ed93b8d712dc60545b0ddc5dddaef38ba425c373ac3dd8be99bba753cb1415210cdcfabc5d312edd3aa1ecc574e3ddba56134f15d30edba1ee3154386eaeecec4d2e1bad5f93103cb38eeb5fe5c437c8f1baf51f2e219cb76ea3e5c452e7bb57f9711439eedd47cb88e9f9eedd47cb88e9b96edd4fcb88e9b96edd57c988e9796edd573c474bcb76eaf9623a5e5bb75789e9796edd5e27a5e5bb757e311d2f2ddbaae188e9796edd4fc788e9b96ed5fe2c474dcf76adf1623a6e7bb55f8f11d372dd9dc7f5bffc400141101000000000000000000000000000000c0ffda0008010301013f014807ffc4001d11000104030101000000000000000000000111405060007080a0b0ffda0008010201013f01f6222a03e224b8b8b525c5a92d4979105446a11a8459ceda0d4cd86a66c353361a99b0d4cd8e55350347ffc400281000020201020405050000000000000000003101702102801150609010516171a0223240b0c0ffda0008010100063f029a827f54fc5411fc2339ed5d3f0629ee433504d413504d413504d413bdf9a826a09d9fcd413d9fa7b7ae6a1cd439b0f1f04d6318fe31884210842108421084210842108421084210842108421084210c63f0fb66a2cc1e4626a3c7866a1f2319335064c198a87e933b42e3150e2a1f5ee4beb50f18df171ec29833dbbf8ed026cde3b148da06aa826a19e551d6dabdf95475b6aa82794c75bcf298eb7d5504d413504ed023daa08a834d41a6a0d35046d035541aaa0d5ed504fe3fffc4002c100002010304010303050003000000000000011121316010505161704041712081a1308091a0b1b0e1f0ffda0008010100013f21f106fcaff8cff53e20ad7f7295e213d0f45e1d64786a7442ca24089375fef14fa00587491e0a92754ae04e11ad1c8a12684a3e890810202c3d06503448705a3a124f809b27410e0a11025443d0c08210805245a262b89119fc10124a229890287a464c8d43484cb50d56939f48863896892851ea4c42c3d11608909cee4913918524442210adeb1d44a46953942150359bb187911588c12097af6a4ae0a0a2685543cdd1229e8c8d893dc48894c4c670a81e948b7646e724b95a966ea6ae8a85b3346c9d1254b35b85152da0d19539aa2ae9084f69437287cca073c21d2a085b52db1e78207198acb1a840b6a63436598a496adbae914b65e94b1e607b736a32597ad91d23dbdd869c52c4e59123cac6e064b2a08ca98ae2cb1e523711931aae528b4bc52b1b8d8f90e91194b4a2f1e426e4acc6871ac9393bd1210a46e45b8958d5456c9d884ae9541ee49712b1aa9193b10b51373bb084d54f6c9d88490a416e68965dcb316e7ef2ef87f3de5ff0fe7bcbb94bd35ba251e5499685ba58fc40a58f2c45dba58f2c55dba58f2c5ddba58f2a4b4eedd2c7e20445e165f2963409f74d5159958a2ee6ed961243ee6b18e0d856caab250372be303a85953409772540d5658d0c97713b688d523c3abb3cbf3254445ee0e089879727034c9b75c1aa1fd6b2763e41d0bdb9c99123e609dc87b126d8ca8f2bd730656cba091ed4d515454f995c28a84ed0d509962263cce80a333da1471125ecd2e175072962476d99a08992879aa0ca70e50247b24a1465256cd0b37751528a03636e0560348d0f384449590c2d8933b14d6891ace531a09a11109caf593a342a8be591bbb556cee6a40118273eaec345a4ae04255cfa04282322208faa8908680b4a23c00948088c84b1e9da24306b4c3463546fc010210a086840949faa49fd191b1a2441d19a421a1a5102f02489c5cc50d4a0afe90d51316960e4e7bd0daae4f927c1724c5cc2e619bb1dc8ed0c49248d5d0de47cc26ee36ab93f08a1b76091ee34fb9dc2fa0001f31da779d8337a411e0e8d675823fa25c3e087c10f825c325c325c325c325c325c325c325c325c325c325c325c325c325c325c325c325c325c325c325c325c325c325c325c325c325c325c325c325c325c325c325c325c325c325c325c325c325c325c321f0f2d264a8973a72315a925c8d4ee40c4a6750b891d28eb1d23a4758e91d23ac748e91d23a4748e91d23a4748e91d23a4748e91d23a4748e91d23a4748eb1d23ac748e91d23a4748e91d23ac7027d0d7d9f4dbfb1b624fe1976fe01a6af932a92544aae7790bb90b23728d205917f62d09fc19ff7e8f6b4fe06cd5518eb624a27448ae53b90ab91a20df15d50d5f059aa590d62f248aa5c946e7308110a2301b822dea5d1c4831a88c427548aa463de0891240881118327a10bbbc1c3187469512a235c895c83041185349dcaa50c63098635413ae853ab906048c3d0d6e35eb0bb93886e22624848641c234d3ae0d041232c884d1ec62a849b87bc3582c082a5544504631751b035825c2e5095046330a6330195c4ae044a10a31c80319d5bfa43e550b42118ea60632b6fa90ca507528256c8131fb8c81ef6864aa0ea504c8aaa84c87bd325507504b64936f32550ea504b64ad4a865755b77571d41d084a32692435c9eea857232150585944ea3f7dd1e973a0b594a42192db9b2ab0da894655505743dcce6a1f2d95dcf8cdc9cc2b9765bf3a86a1c6e1123eef2f9de36f62eb0ba597d438dbd24524de60b222616dc9223966306da2b951f65995547b65c7def325802c3ed90e8485199c0fe20091b5d25a20b344bf6b88151466922be1ed734b3581753b5d43cd56172b6b58cd8b0787b4ab8919b1f96da6d1466d247c9b4d92c66dfe7da56737bff3f8da567c412595cdd23edff9e20bfcdfb40c4909dada6e78822e66ff0087b4dccdd2adf3b4dccdedfbf69b99bffa369b99bad4ef69b99baff17fb40b5f89e20127c411afe3f4ff00ffda000c03010002000300000010fbefbefbefbefbefbefbefbefbefbefbefbefbefbefbefbefbefbefbefbefbefbefbefbefbefbefbefbefbefbefbefbefbefbefbefbefbefbefbefbe7befbefbefbefbefbefbefbefbefbefbefbefbefbefbefbefbefbefbefbefbefbefbefbefbefbefbefbefbefbefbefbefbefbefbefbefbefbefbefbefbefbefbefbefbefbefbefbefbefbefbefbefbefbefbefbefbefbefbefbefbefbefbefbefbefbefbefbefbefbefbefbefbefbefbefbefbefbefbefbefbefbefbefbefbefbefbefbefbefbefbefbefbefbefbefbefbefbefbefbefbefbefbefbefbefbefbefbefbefbefbefbefbefbefbefbefbefbefbefbefbefbefbefbefbefbefbefbefbefbefbefbefbefbefbefbefbefbefbefbefbefbefbefbefbefbefbefbefbefbefbefbefbefbefbefbefbefbefbefbefbefbefbefbefbefbefbefbefbefbefbefbefbefbefbefbefbefbefbefbefbefbefbefbefbefbefbefbefbefbefbefbefbefbefbefbefbefbefbefbefbefbefbefbefbefbefbefbefbefbefbefbefbefbefbefbefbefbefbefbefbefbefbefbefbefbefbefbefbefbefbefbefbefbefbefbefbefbefbefbefbefbefbefbefbefbefbefbefbefbefbefbefbefbefbefbefbefbefbefbefbefbefbefbefbefbefbefbefbefbefbefbefbefbefbefbefbefbefbefbefbefbefbefbefbefbefbefbefbefbefbefbefbefbefbefbefbefbefbefbefbefbefbefbefbefbefbefbefbefbefbefbefbefbefbefbefbefbefbefaefbefbefbefbefbefbefbefbefbefbefbefbefbefbefbefbefbefbefbefbefbefbefbefbefbefbefbefbefbefbefbefbefbefbefbefbefbefbefbefbafbefbefbefbefbefbefbefbefbefbefbefbefbefbefbefbefbefbefbefbefbefbefbefbefbefbefbefbefbefbefbefbefbefbefbefbefbefbefbefbefbefbefbefbefbefbefbefbefbefbefbefbefbefbefbefbefbefbefbefbefbefbefbefbefbefbefbefbefbefbefbefbefbefbefbefbefbefbefbefbefbefbefbefbefbefbefbefbefbefbefbefbefbefbefbefbefbefbefbefbefbefbefbefbefbefbefbefbefbefbefbefbefbefbefbefbefbefbefbefbefbefbefbefbefbefbefbefbefbefbefbefbefbefbefbefbefbefbefbefbefbefbefbefbefbefbefbefbefbefbefbefbefbefbefbefbefbefbefbefbefbefbefbefbefbefbefbefbefbefbefbefbefbefbefbefbefbefbefbefbefbefbefbefbefbefbefbefbefbefbefbefbefbefbefbefbefbefbefbefbefbefbefbefbefbefbefbefbefbefbefbefbefbefbefbefbefbedb6cbefbefbefbefbefbefbefbefbefbefbefbefbefbefbefbefbefbefbefbefbefbefbefbefbefbefbefbefbefbefbefbefbefbefbefbefbefbcf2c425b6d96d241dbcf3cf3efbefbefbefbefbefbefbefbefbefbefbefbefbefbefbefbefbefbefbefbefbefbefbefbefbefbefbefbefbefbefbe990f3072db79fac7f5230f3cf26f3cfbefbefbefbefbefbefbefbefbefbefbefbefbefbefbefbefbefbefbefbefbefbefbefbefbefbefbefbefbefbc51ccabb03040f3cf3c2e70f774d77efbefbefbefbefbefbefbefbefbefbefbefbefbefbefbefbefbefbefbefbefbefbefbefbefbefbefbefbefbefbcf247c1a03041d3cf3cb4c277551e7ecb2cb2cb2dbefbefbefbefbefbefbefbefbefbefbefbefbefbefbefbefbefbefbefbefbefbefbefbefbefbcb12d19a4000004114cf3cfb20410d3046fbefbefbe5befbefbefbefbefbefbefbefbefbefbefbefbefbefbefbefbefbefbefbefbefbefbefbefbcfbce0ca6114c200045f3cf3c8c3041055beadbefbefbe5befbefbefbefbefbefbefbefbefbefbefbefbefbefbefbefbefbefbefbefbefbefbefbef3cf3c507b4157ca0003cf210820c3041041f006befbefbefbefbefbefbefbefbefbefbefbefbefbefbefbefbefbefbefbefbefbefbefbefbefbefbef3ca26591d7ce30814f3ca430820c304104147043039afaafbefbefbefbefbefbefbefbefbefbefbefbefbefbefbefbefbefbefbefbefbefbefbefbef3ca32e8157ca00014f3ca410410c3041041042d08faafaafbefbefbefbefbefbefbefbefbefbefbefbefbefbefbefbefbefbefbefbefbefbefbefbeeb0157f7cfbebbefbcf3884104170cf3cf3cf3c353fbefaafbefbefbefbefbefbefbefbefbefbefbefbefbefbefbefbefbefbefbefbefbefbefbefbebac09cf7efbefbefbcf29041041f3cf3cf3cf39f1385df6ddbefbefbefbefbefbefbefbefbefbefbefbefbefbefbefbefbefbefbefbefbefbefbefbeab8ec3d7eeb4e34f39c4105cf3cf3cf3cf3cf29c53e75f7dbf4fbefbefbefbefbefbefbefbefbefbefbefbefbefbefbefbefbefbefbefbefbefbefbeba868357ebbcb3ce61041071f3cf3cf3cf3cf29053b55f7df54fbefbefbefbefbefbefbefbefbefbefbefbefbefbefbefbefbefbefbefbefbefbefbea8cec157cf3cf3cf3cf3cf3cf3cf3cf3cf3cf290457f7ffdf54fbefbefbefbefbefbefbefbefbefbefbefbefbefbefbefbefbefbefbefbefbefbefbeab4cbdf3cf3cf3cf3cf3cf3cf3cf3cf3cf3cf2a0d5467ffdf54fbefbefbefbefbefbefbefbefbefbefbefbefbefbefbefbefbefbefbefbefbefbefbea92383071d7cf3cf3cf3cf3cf3cf3cf3cf3cf290515fff00fdf54fbefbefbefbefbefbefbefbefbefbefbefbefbefbefbefbefbefbefbefbefbefbefbefb8dc304157cf3cf3cf3cf3cf3cf3cf3cf3cf290435fbffdf54fbefbefbefbefbefbefbefbefbefbefbefbefbefbefbefbefbefbefbefbefbefbefbef96dc10fefbcf3cf3cf3cf3cf3cf3cf3cf3cf29057ad5f55f54fbefbefbefbefbefbefbefbefbefbefbefbefbefbefbefbefbefbefbefbefbefbefbef1e6c11fefbcf3cf3cf3cf3cf3cf3cf3cf3cf290416ddf55f54fbefbefbefbefbefbefbefbefbefbefbefbefbefbefbefbefbefbefbefbefbefbefbefb808157efbcf3cb0cf3cf3cf3cf3cf3cf3cf29045755f55f54fbefbefbefbefbefbefbefbefbefbefbefbefbefbefbefbefbefbefbefbefbefbefbeab878947cfbcf3cf3cf3cf3cf3cf3cf3cf3cf29053c79f59c14fff00ff00ff00fefbefbefbefbefbefbefbefbefbefbefbefbefbefbefbefbefbefbefbefbef842a904157cf3cf3cf3cf3cf3cf3cf3cf3cf2905ff6d07cf3dfff00ff00ff00fefbefbefbefbefbefbefbefbefbefbefbefbefbefbefbefbefbefbefbefbefac0a924d77cf3cf3cf3cf3cf3cf3cf3cf3cf290734550b4ff00dfff00ff00ff00fefbefbefbefbefbefbefbefbefbefbefbefbefbefbefbefbefbefbefbefbefbce2b77cf3cf3cf3cf3cf3cf3cf3cf3cf3cf3c2dd456e9ff7ff00ff00ff00ff00fefbefbefbefbefbefbefbefbefbefbefbefbefbefbefbefbefbefbefbefbefbeb05761055f3cf3cf3cf3cf3cf3cf3cf3cf386e1b4cfbefbefbefbefbefbefbefbefbefbefbefbefbefbefbefbefbefbefbefbefbefbefbefbefbefbcf392e30c157cf3cf3cf3cf3cf3cf3cf3cf3bcd5f3efbefbefbefbefbefbefbefbefbefbefbefbefbefbefbefbefbefbefbefbefbefbefbefbefbefbee8d25150957cf3cf3cf3cf3cf3cf3cf3cb0bf5cfbefbefbefbefbefbefbefbefbefbefbefbefbefbefbefbefbefbefbefbefbefbefbefbefbefbefbea3de7ddf477cf3cf3cf3cf3cf3cf3cf2c9e1bbefbefbefbefbefbefbefbefbefbefbefbefbefbefbefbefbefbefbefbefbefbefbefbefbefbefbefbea3d16984fd3cf3cf3cf3cf3cf3cf29c1ef04d3efbefbefbefbefbefbefbefbefbefbefbefbefbefbefbefbefbefbefbefbefbefbefbefbefbefbefbea3d5695636efdfcf3cf3cf3cf3cf3f9b4ff00a7befbefbefbefbefbefbefbefbefbefbefbefbefbefbefbefbefbefbefbefbefbefbefbefbefbefbefbea3d67de5107d77bf0777cf34a7745172ff6ff00befbefbefbefbefbefbefbefbefbefbefbefbefbefbefbefbefbefbefbefbefbefbefbefbefbefbefbea3da7da41041b512ebdff008ff5dba7d57ffe8dbefbefbefbefbefbefbefbefbefbefbefbefbefbefbefbefbefbefbefbefbefbefbefbefbefbefbefbeabefbeabefbcb3d76d77df7df6d246fbefbff00fefbefbefbefbefbefbefbefbefbefbefbefbefbefbefbefbefbefbefbefbefbefbefbefbefbefbefbeabefbeabefbcf3df7df7df7df7df7efbefbefbefbefbefbefbefbefbefbefbefbefbefbefbefbefbefbefbefbefbefbefbefbefbefbefbefbefbefbeabfff00ff003efbe0830c3fbefbe2c30e3fbefbefbefbefbefbefbefbefbefbefbefbefbefbefbefbefbefbefbefbefbefbefbefbefbefbefbefbefbef3ca31f7df3cf3ce31c71f3cf3cc71c71f3cebefbefbefbefbefbefbefbefbefbefbefbefbefbefbefbefbefbefbefbefbefbefbefbefbefbef8a4a8a871ccb0c71db6c34df690420c1045f41042077add4fac3efbefbefbefbefbefbefbefbefbefbefbefbefbefbefbefbefbefbefbefbcf38c30e0853ab7cf3cf3cf3cf3cf3cf2c34f73cf3cf3cf3cf3cf3cf3cf0fc78fbefbefbefbefbefbefbefbefbefbefbefbefbefbefbefbefbefbefbef3e585c77b3cf3cf3cf3cf3cf3cf3cf3cf3cf3cf3cf3cf3cf3cf3cf3cf3cf3c3f4fbefbefbefbefbefbefbefbefbefbefbefbefbefbefbefbefbef3a598fbb73cf3cf3cf3cf3cf3cf3cf3cf3cf3cf3cf3cf3cf3cf3cf3cf3cf3cf3cf3c6fefbefbefbefbefbefbefbefbefbefbefbefbefbefbefbefbef80d0e5dcf3cf3cf3cf3cf3cf3cf3cf3cf3cf3cf3cf3cf3cf3cf3cf3cf3cf3cf3cf3cf29d3efbefbefbefbefbefbefbefbefbefbefbefbefbefbefbefa8805f3cf3cf30c3cf3cf3cf3cf3cf3cf3cf3cf3cf3cf3cf3cf3cf3cf3cf3cf3cf3cf3c2fcfbefbefbefbefbefbefbefbefbefbefbefbefbefbcfbecaa33cf3cf3000033cf3cf3cf3cf3cf3cf3cf3cf3cf3cf3cf3cf3cf3cf3cf3cf3cf3cf3cf3bfbefbefbefbefbefbefbefbefbefbefbefbefbef3ef30bbdf3cf3ca0011cf3cf3cf3cf3cf3cf3cf3cf3cf3cf3cf3cf3cf3cf3cf3cf3cf3cf3cf3cf3ce76fbefbefbefbefbefbefbefbefbefbefbefbefbca2e77cf3cf3cb0cf3cf3cf3cf3cf3cf3cf3cf3cf3cf3cf3cf3cf3cf3cf3cf3cf3cf3cf3cf3cf3cb36fbefbefbefbefbefbefbefbefbefbefbefbefb98e7f3cf3cf3cf3cf3cf3cf3cf3cf3cf3cf3cf3cf3cf3cf3cf3cf3cf3cf3cf3cf3cf3cf3cf3cf3cf3c73efbefbefbefbefbefbefbefbefbefbefbefa8a9cf3cf3cf3cf3cf3cf3cf3cf3cf3cf3cf3cf3cf3cf3cf3cf3cf3cf3cf3cf3cf3cf3cf3cf3cf3cf3c97efbefbefbefbefbefbefbefbefbefbefbefbe77cf3cf3cf3cf3cf3cf3cf3cf3cf3cf3cf3cf3cf3cf3cf3cf3cf3cf3cf3cf3cf3cf3cf3cf3cf3cf3ca3cfbefbefbefbefbefbefbefbefbefbefbeab7f3cf3cf3cf3cf3cf3cf3cf3cf3cf3cf3cf3cf3cf3cf3cf3cf3cf3cf3cf3cf3cf3cf3cf3cf3cf3cf3cf21fbefbefbefbefbefbefbefbefbefbefbe5bcf3cf3cf3cf3cf3cf3cf3cf3cf3cf3cf3cf3cf3cf3cf3cf3cf3cf3cf3cf3cf3cf3cf3cf3cf3cf3cf3cf3fdbefbefbefbefbefbefbefbefbefbefbe77cf3cf3cf3cf3cf3cf3cf3cf3cf3cf3cf3cf3cf3cf3cf3cf3cf3cf3cf3cf3cf3cf3cf3cf3cf3cf3cf3cf2cf3efbefbefbefbefbefbefbefbefbefba7fcf3cf3cf3cf3cf3cf3cf3cf3cf3cf3cf3cf3cf3cf3cf3cf3cf3cf3cf3cf3cf3cf3cf3cf3cf3cf3cf3cf3c5befbefbefbefbefbefbefbefbefbefb8f3cf3cf3cf3cf3cf3cf3cf3cf3cf3cf3cf3cf3cf3cf3cf3cf3cf3cf3cf3cf3cf3cf3cf3cf3cf3cf3cf3cf3cdbefbefbefbefbefbefbefbefbefbefb6f3cf3cf3cf3cf3cf3cf3cf3cf3cf3cf3cf3cf3cf3cf3cf3cf3cf3cf3cf3cf3cf3cf3cf3cf3cf3cf3cf3cf3c27efbefbefbefbefbefbefbefbefbefa5f3cf3cf3cf3cf3cf3cf3cf3cf3cf3cf3cf3cf3cf3cf3cf3cf3cf3cf3cf3cf3cf3cf3cf3cf3cf3cf3cf3cf3cb7efbefbefbefbefbefbefbefbefbef89f3cf3cf3cf3cf3cf3cf3cf3cf3cf3cf3cf3cf3cf3cf3cf3cf3cf3cf3cf3cf3cf3cf3cf3cf3cf3cf3cf3cf3cafefbefbefbefbefbefbefbefbefbef95f3cf3cf3cf3cf3cf3cf3cf3cf3cf3cf3cf3cf3cf3cf3cf3cf3cf3cf3cf3cf3cf3cf3cf3cf3cf3cf3cf3cf3ca7efbefbefbefbefbefbefbefbefbef97f3cf3cf3cf3cf3cf3cf3cf3cf3cf3cf3cf3cf3cf3cf3cf3cf3cf3cf3cf3cf3cf3cf3cf3cf3cf3cf3cf3cf3cbfefbefbefbefbefbefbefbefbefbef9ff003cf3cf3cf3cf3cf3cf3cf3cf3cf3cf3cf3cf3cf3cf3cf3cf3cf3cf3cf3cf3cf3cf3cf3cf3cf3cf3cf3cf3cff00efbefbefbefbefbefbefbefbefbefbef3cf3cf3cf3cf3cf3cf3cf3cf3cf3cf3cf3cf3cf3cf3cf3cf3cf3cf3cf3cf3cf3cf3cf3cf3cf3cf3cf3cf3cabefbefbefbefbefbefbefbefbefbefbef3cf3cf3cf3cf3cf3cf3cf3cf3cf3cf3cf3cf3cf3cf3cf3cf3cf3cf3cf3cf3cf3cf3cf3cf3cf3cf3cf3cf3cbbefbefbefbefbefbefbefbefbefbefb6f3cf3cf3cf3cf3cf3cf3cf3cf3cf3cf3cf3cf3cf3cf3cf3cf3cf3cf3cf3cf3cf3cf3cf3cf3cf3cf3cf3cf3cbbefbefbefbefbefbefbefbefbefbefbff003cf3cf3cf3cf3cf3cf3cf3cf3cf3cf3cf3cf3cf3cf3cf3cf3cf3cf3cf3cf3cf3cf3cf3cf3cf3cf3c934f3cf3efbefbefbefbefbefbefbefbefbefa3f3cf3cf3cf3cf3cf3cf3cf3cf3cf3cf3cf3cf3cf3cf3cf3cf3cf3cf3cf3cf3cf3cf3cf3cf3cf3cf392ed53ce3cfbefbefbefbefbeffc400201100010402030101010000000000000000010011405030601020413121a0ffda0008010301013f10fe48869c13218084c993264c9b401d06537cc805fbcb26c86f40e041378c9bb3e537a713a7c06efde06164c9b01bb68cd722380993264c9acc7d8e742398dc8180e7380d8fb1ce0363ecf362239c06c47c8e701b11f239c06c47c8e701b10f1ce0362239ece9d1b11f639ec78365f7910cf57474e3cb7564da39d30ea06f418874d74e9f4c257ef274c3aa1d04623d4e8234c3d0743a41e83a1d0bd4d8c727a9ebf899326af64c993264067680c9aac543537d4d544528ac228d8a02b48a116044f64d6244d0859b4c034f02d889235002e0ea0638d4069e2ecc5176628bb3145d98a2ecc5f2ecc5f2efc8a2ecc5176628bb317cd4068fffc4002211000202020203000301000000000000000111005010402030213160415170a0ffda0008010201013f10ff0023c7445f93871c71c71c71c71c71c71e047079bc383d6e3c0e02f0e09ef063c0ba71c2613a0f22e1c797e34c182e9c7d8a2e82f8671c7d2774f54407f76cf0e1e634418e38e3b63ac0db1c2c1d61c415079b1263c1d60638380aff00cd08f883d02c04316f0b13b2390b02218760607015ee130ed28380b43b82c4ef8f8a1c858ad91c87c50c0c28ac118b0b60600b95aa04015b2c2846a08a017674c402f08d10228a0bc3c0f68c1be5145145d2a28a01823e0cf69bf3f207b47c08fa206e1e5f69e971e40118352d471e1c71e09d07a00a086e98f171d282808a36a1c38e3a91443835a0cf740706b815017b87c471c2613600adb261397644b68e1c26d09ec986d87880bd83705b06136e202f5cdc96b9b907ceb95d0d626e87ad527c7f5b0f6f907b6afb5dfb7c83db54dd8f7aa6ec7bd53763dea9bb1abedfc5dfffc4002e100100020101060602030003010100000001001121311020415060f13040516171a181b17091c1d1e1f0a0b0ffda0008010100013f1056dee1fd57f102b6f77f102aaaeb77ff00e2be5b82edc1fc4004138dff00103b3ee7de3f88153fa23ffd445ff0ed4a8c61bd095ea47de592cf5964b2592c964b259fc204349c231985dcaf09a8a81b80fa303e8ca7d253ef33ef33ef33ef33ef0e172e5ff07592e63617083da301eb0989c6544952bda2372a12ff008188eeb16a6a839834842ae919798e1b62cd6136b1f5a1ea6c0bd0cf7e7bd3de8920c22db015bec1cf5fd475969666605a118b71850aeb30b3286b0dc30981c60485b8179d83b0166e24a59ee44a1ccb810d1181986966d06dcc0ebd35d8b12d9abf301abe333c758815e7e21eb3a4a6a748157b43d374dfa95312886ab49c6e30462a4e11a3a8ab533ca65888f5f02a59963ec8d5712f494d5c2080384e12f7cf01daa8b23a4c329d25758c51cc22cd60366b2e3d7cd44205e314994c78eba4021c304b97e09e03b08964a4a09a2704102aa314fd45035859a7ae98a8a8ca98416bf13fe81095415870944c6cbf06e5cbdeadb718c0a8434e92d8d22eafea71ff009e1344245ca1626654a952a54a952a54a952a2754e888164b34e929bfa41e0e10663840002579037ddfa34ca468cf0829a04b14690d0b305f15ea9d1018333cd3e209a7ea000095b2fc5a952b7b32e5f8022a34740238418a25aebe2baf54a5e19c0e402a3ea2566983899f18f01f0c8c96b2e150f0410d3c57aa6a3a211511d5220ebbb52a54ade256e5cb972e5f886c68bab168999c0010f11ea817462b2881086c7c5371f2752e975a80531c3475a54043624bc06daf14db7e4ef65591add60a068438758969c464d2423d61984b97b38ca952e5cb97b7333330d8f95bd8b14cc6118f888ea56cb972f75ea63589592cacb10b7e4df2e1b8b4fc4d3fc62528ea475dc371ea6358e61acb13a46057937cba3713112e1898a758ebb86e3d4d88360364d8ed3c83e6384628d269be31c39dc371ea2b83b1689446a9c0a461b2a56f32a54a952b76e3e012a54a952a54a952a54a952a56dd4804d198075b9583bcf5123734d658cb0c6b287f116c66bb1f22f84791748aa3d227e58ab8684add7a8b8c284ce84530d61c2fb4556f947c23c7bd8c446bde58e38cf4610d375ea2d5054e5845616d76b0f22f8478eedd0c429b34abea81a6d868130ca620f68c67186c376f6dcbddb972e3b84a952a54af20cb971d235bed0ecfacb08041f5df7a8344635c7a7e2525ee1e54f2aee27f4627e799bf30e1e03d3fa664cba12b1b26e1b952b6d4adb72fc0b97e51dc6a5ed3fb79f7e189f11df7a7f4c398ce3142a3c23b87973c9bb872f862cb36043aefbd4039843640081356e1ca9dc748bb42e99881a0c163bef50157343781ca9dc7466bf8cfbf2df01e9f21343606bcc9d19afe0cfb7b0df7a7c8cd3fc4186bb333333cbdd18738b3efc7c07a7c9a2642fda10701bd99999e4eee9681a33ee782f4f9344fd29ae3cb9ddfa4fea7dcf05ea0749a33547973bbf4bfc9f73c17a874bf1b07973bbf4bfc9f7361bef50134b64f2e7719f4a7dcd86d371ea0359a3f8d93cb9dc67d29f7361b4dc7a7dd26b9a3f8d9bcb9dc78cfa4fea7dcd86d371e9f7483598f5c4b2951dc3c4b972fce3b89ac42b5c196bbe371335b86e3d3ec189469ed1eb86e1e39e6ddc74638352cc5c63c770dc7a812c8e94880a556e1e254a95e71dc597c460bd258a0dd3b86e3d3e6cc5961fc4770e54ee2e07089f9a3dbe6686e1b8f4f90846007a47b86e12e5cbe4eed746294a88fc902f9e315041972e0cb972fa8460cad489531e5aed703181f4b965f10b86e1e3bd2a4225c6b18863cb5dba91c0e17115354486d3c77a5860cd28f2d7733fec8997630d5da78ef4bdc025994bb11c41b84a952b945c707e2094c188ca6abb1d761acb970f1de984564a188a9d21af2cf58a508ecd6631763e2af75e9849a4a827079023b6e5cbe4ce8c0b684543c5864b8ebb5952a04af0eba6dd22be24a231953b5e50c161c2553de392b8c34a8bb6baac62356d6605c7288eedcbe46822e91811c4771f581b6bab58832d20326215300e9ca12459a9a6b0992d4c758ba47aba4b6cc24a793b00163923324211eb0a88cc2ccbe289883b95b125724161766f14d4d6c7abcdc64a97a2889c510a1d9c79124d316991170e3341d646e8e08c301130a1931b38f20016c609d21680748b30d8f581b8cd71428856185845182259b38f9f43a3348895d222e38c06abac8dae9b04218e66057ac305cfcc5d4eb02c347cdd90b6c1ba2d2e2217bca1133142c5eb136ba6c7684cbd6085d6547dbd600134db72fcab11a81c500b65ae6304ccab2dbc363d626d74d8ed5dca03c186b5f4e33f04f5820571966bb2cf2d702d5c460bfb95435f981511665375eb136ba6c76e671b80abe10d63a7bcd491e2b8cb12e621a7935a2305d200b7f71256bf31cc358050ca22e28dcf4eb237599dac5ddcc2ae55184075f98d0a7ee2a91d606a5ee2ca4a6cbdebd800b65d96095b16abf71e83f72b86bf30a820ee0a731770eb2371d371d776d0354cc7a8b117b6d5110b8b8d60c332895b8c60c64cb1625cc156b100732e22b0e117d70967586bd766e3a786a80e8e90355a2615482c1a661436cbfac746d27c89f227c89814c518187a0e215c4550c63c19575712e12b6ba6f9d646e3a786989c61c252c861ec9a35269ce7bd80e29efa7be9efa29938ae59962cd63546d8405e929e92a3a6d77c8f589e032a54a952a54a94946c53abb12e525251e928f4947a4a3d206e56cb65ce3197b6a54a952a709c7ac4f01f3847c123d62780f263ac8f01fe183c763aef9e03bb6ccc35eba3c77c03c077ceba3c8d4a952a54af0aa54a952a57585eed931ebba6b894fa30e029ef27bc9d8a7669d9a7669d9a7669d9a7669d9a7669d9a7646764676467646764676467646766676667666766676667666766676667646764676467646764676467646764676667666766676667666245bfd1d5092a2d4298a95f480c88ac86299b47b059828ca997cc15a8bd368162952c884b382075900c8ffa09da23ff00513b06e5507689da27688ffd44ed13b46c8ed1b23b44ed13b44ed13b44ed13b44ed13b44ed13b44ed1b13b44ec13b44ed13b44ed13b44ed13b4469cd1f12d1b371552fe87dea53d5fd4a1fb08a7f4a114afc54fea21451f7ea258972ce6f61b8a359718587bb87ba1aeb851f204a952b6be29b1f0ae544d8ac453506095f25176a8f1ff9a3968a7a7fa10acd0f55feea55197b95d3b53b21afb8b64236fda309185b81f3f34ef666654a952b72a54a952a54a952a578297ac601b1eb472c501f66329f28749f0979a811c31d80a4ad96c2421c62500b0018f3d52a572112893e265113f0970b3ec94445ef8e90f84a8d3846f06a99eb9988ff0098271898cb853a1950af923ad4bd18f3653899e8ef94b9c6b8165cbd7f6874c6babd929d146d01186bf1111a0ae89bd86a12bd52ca4245602b0749946a1d1cf427ba5f017818e1a4e86be1038ec1ccf47ac002f8c3ae02a9abd2280446546d7d119012ba12f84084560897ab09728c173082169933d269161d6baf58fd457b741d661ac22e41e3b3416ae100ace90037c7a59d603818f9057b7418b64c88c666970bf48003c4b972fa2dc8e783e91608d707a0458231665dae28af48141e1e77730e8a5667b31e88fa39fa29888ccccc0d1d0865370a57857d269cf3c1f48940d70e7a97897bdc9797e9310f6f0ddeae8f5c8f631083879d86f4d987f488f460c4e1e13bb5d242c187dc450d39c86427ce12b631eb0d21e31d2a028f9888a3ce13f24acfd91d28430788ecae9626c83888c1964e6f961eb2d612a352a7bf8d5d302899e12e2af9a302e91468e32cfec95abaf53f0980731a6bcd1ad80a9798681f48f540a961c3104e8e8f3341ac374802aa50aeaab82ff820451d4e65c311d263dd5af55a011d18ea8659e64129711f511eac0443892e16b7cc05892c218814756a094e9300d591e5fa230f44a00abeafc3ccea894d3c39702cca07f11eaf15744a97c72d3583506ac0235d5eb1c0b89cb74258a3ac8b9a64829e586cfbca06b397597ba04a37bf2c408e300c687593929944d33cb332f869d6994f5ae56c221e065cf5a50f09b3ff007f7cadc550d2381d6953e53fea9e579c1a67ad50cd7f467fce5757e275afba21f51c34f06b949a84a57d5eb6457553fa794e993f02eb521a0ffc2df29c8be20a3ec75a93f023fd97ca4dfbe90d1fb1d6df43f4e53f9910280eb677ed51f4e5340f78f5a93ee1fae5391e831eb527c86df4e526cbe9d6ff0057f43948bf8ffc75be0dec7eb94ebbedd6f62f45ff003fce53f53adcfe5ff4f29fa30eb560cbf1fbe53f461d6acf9903f5ca7e8c3ad59f6bfc729fa30eb567ddff001ca7e8c3ad597fa6aff63ca7e843ad59637d1794eb9edd606f105d9c03f6729754f67ab98c361b84ccbff33ca6d5f863d5aec361bb5df73fd7291aa3af55dc63a4369aee9a1eacfaf2ff00ffd9, 'Active', 0, '2024-12-29 05:24:46');

-- --------------------------------------------------------

--
-- Table structure for table `employee_role`
--

CREATE TABLE `employee_role` (
  `id` int(11) NOT NULL,
  `userId` int(99) NOT NULL,
  `role_id` int(99) NOT NULL
) ENGINE=InnoDB DEFAULT CHARSET=utf8mb4 COLLATE=utf8mb4_general_ci;

--
-- Dumping data for table `employee_role`
--

INSERT INTO `employee_role` (`id`, `userId`, `role_id`) VALUES
(1, 0, 1),
(198, 225, 2),
(199, 226, 2),
(200, 227, 2),
(201, 228, 2),
(202, 229, 2),
(203, 230, 2),
(204, 231, 2),
(205, 232, 2),
(206, 233, 2),
(207, 234, 2),
(208, 235, 2),
(209, 236, 2),
(215, 237, 2),
(216, 237, 4),
(211, 238, 2),
(212, 239, 2),
(213, 240, 4),
(214, 241, 3),
(217, 242, 4),
(219, 243, 2),
(220, 243, 4);

-- --------------------------------------------------------

--
-- Table structure for table `itl_extracted_data`
--

CREATE TABLE `itl_extracted_data` (
  `id` int(11) NOT NULL,
  `userId` int(11) NOT NULL,
  `facultyCredit` decimal(11,2) NOT NULL,
  `designationLoadRelease` int(11) NOT NULL,
  `regularHours` int(11) NOT NULL DEFAULT 18,
  `allowableUnit` double DEFAULT NULL,
  `totalOverload` decimal(11,2) NOT NULL,
  `designated` enum('Designated','Non-Designated') NOT NULL,
  `dateCreated` timestamp NOT NULL DEFAULT current_timestamp(),
  `filePath` varchar(255) NOT NULL,
  `academic_year_id` int(11) DEFAULT NULL,
  `semester_id` int(11) DEFAULT NULL
) ENGINE=InnoDB DEFAULT CHARSET=utf8mb4 COLLATE=utf8mb4_general_ci;

--
-- Dumping data for table `itl_extracted_data`
--

INSERT INTO `itl_extracted_data` (`id`, `userId`, `facultyCredit`, `designationLoadRelease`, `regularHours`, `allowableUnit`, `totalOverload`, `designated`, `dateCreated`, `filePath`, `academic_year_id`, `semester_id`) VALUES
(69, 227, 20.00, 0, 18, NULL, 2.00, 'Non-Designated', '2024-12-26 13:00:15', '../../uploads/Quinito-ITL.xlsx', 1, 1),
(70, 226, 26.50, 3, 18, NULL, 11.50, 'Designated', '2024-12-26 13:00:31', '../../uploads/Miñoza-ITL.xlsx', 1, 1),
(75, 229, 30.75, 0, 18, NULL, 12.75, 'Non-Designated', '2024-12-29 07:54:30', '../../uploads/Saledaien-ITL.xlsx', 1, 1),
(77, 236, 5.75, 12, 18, NULL, -0.25, 'Designated', '2024-12-29 08:21:22', '../../uploads/Bernardo-ITL.xlsx', 1, 1),
(78, 233, 25.00, 3, 18, NULL, 10.00, 'Designated', '2024-12-29 08:26:11', '../../uploads/Babia-ITL.xlsx', 1, 1),
(79, 235, 10.00, 18, 18, NULL, 10.00, 'Designated', '2024-12-29 08:27:29', '../../uploads/Barbosa-ITL.xlsx', 1, 1),
(80, 228, 21.50, 9, 18, NULL, 12.50, 'Designated', '2024-12-29 09:03:25', '../../uploads/Rojo-ITL.xlsx', 1, 1);

-- --------------------------------------------------------

--
-- Table structure for table `request`
--

CREATE TABLE `request` (
  `requestId` int(11) NOT NULL,
  `userId` int(11) NOT NULL,
  `requestType` varchar(30) NOT NULL,
  `startMonth` varchar(20) NOT NULL,
  `startYear` int(11) NOT NULL,
  `endMonth` varchar(20) DEFAULT NULL,
  `endYear` int(11) DEFAULT NULL,
  `requestDate` timestamp NOT NULL DEFAULT current_timestamp(),
  `status` enum('Pending','Approved') DEFAULT 'Pending',
  `dateApproved` timestamp NULL DEFAULT NULL
) ENGINE=InnoDB DEFAULT CHARSET=utf8mb4 COLLATE=utf8mb4_general_ci;

--
-- Dumping data for table `request`
--

INSERT INTO `request` (`requestId`, `userId`, `requestType`, `startMonth`, `startYear`, `endMonth`, `endYear`, `requestDate`, `status`, `dateApproved`) VALUES
(40, 229, 'CTO/Service Credits', 'January', 2024, 'June', 2024, '2024-11-29 10:08:20', 'Approved', '2024-12-29 03:31:07'),
(41, 229, 'Overload', 'May', 2024, 'July', 2024, '2024-12-29 10:08:33', 'Approved', '2024-12-29 03:20:06'),
(43, 229, 'Overload', 'July', 2024, 'December', 2024, '2024-12-29 10:32:39', 'Approved', '2024-12-29 03:33:01'),
(44, 229, 'CTO/Service Credits', 'April', 2024, 'May', 2024, '2024-12-29 10:34:07', 'Approved', '2024-12-29 03:35:15'),
(45, 229, 'Overload', 'September', 2024, 'November', 2024, '2024-12-29 10:34:13', 'Approved', '2024-12-29 03:35:33'),
(46, 229, 'CTO/Service Credits', 'October', 2024, 'November', 2024, '2024-12-29 10:34:20', 'Approved', '2024-12-29 03:36:09'),
(47, 229, 'CTO/Service Credits', 'February', 2024, 'April', 2024, '2024-12-29 10:34:26', 'Approved', '2024-12-29 03:39:30'),
(48, 229, 'CTO/Service Credits', 'March', 2024, 'June', 2024, '2024-12-29 10:34:34', 'Approved', '2024-12-29 03:37:32'),
(57, 243, 'Overload', 'May', 2024, 'July', 2024, '2024-12-29 13:42:10', 'Approved', '2025-01-02 07:26:55'),
(58, 243, 'CTO/Service Credits', 'August', 2024, 'December', 2024, '2025-01-02 07:33:34', 'Approved', '2025-01-02 07:33:49'),
(59, 243, 'CTO/Service Credits', 'February', 2024, NULL, NULL, '2025-01-02 08:00:56', 'Approved', '2025-01-02 08:01:59'),
(63, 243, 'CTO/Service Credits', 'January', 2024, 'July', 2024, '2025-01-02 08:33:19', 'Approved', '2025-01-02 08:50:50');

-- --------------------------------------------------------

--
-- Table structure for table `request_files`
--

CREATE TABLE `request_files` (
  `id` int(11) NOT NULL,
  `request_type` varchar(255) NOT NULL,
  `user_id` int(11) NOT NULL,
  `employee_id` int(11) NOT NULL,
  `employee_name` varchar(255) NOT NULL,
  `semester_id` int(11) NOT NULL,
  `academic_year_id` int(11) NOT NULL,
  `starting_month` varchar(50) NOT NULL,
  `end_month` varchar(50) NOT NULL,
  `request_date` timestamp NOT NULL DEFAULT current_timestamp()
) ENGINE=InnoDB DEFAULT CHARSET=utf8mb4 COLLATE=utf8mb4_general_ci;

-- --------------------------------------------------------

--
-- Table structure for table `role`
--

CREATE TABLE `role` (
  `roleId` int(200) NOT NULL,
  `name` varchar(200) NOT NULL
) ENGINE=InnoDB DEFAULT CHARSET=utf8mb4 COLLATE=utf8mb4_general_ci;

--
-- Dumping data for table `role`
--

INSERT INTO `role` (`roleId`, `name`) VALUES
(1, 'Admin'),
(2, 'Faculty'),
(3, 'Hr'),
(4, 'Staff');

-- --------------------------------------------------------

--
-- Table structure for table `semesters`
--

CREATE TABLE `semesters` (
  `semester_id` int(11) NOT NULL,
  `semester_name` varchar(50) NOT NULL
) ENGINE=InnoDB DEFAULT CHARSET=utf8mb4 COLLATE=utf8mb4_general_ci;

--
-- Dumping data for table `semesters`
--

INSERT INTO `semesters` (`semester_id`, `semester_name`) VALUES
(1, 'First Semester'),
(2, 'Second Semester');

-- --------------------------------------------------------

--
-- Table structure for table `starting_class`
--

CREATE TABLE `starting_class` (
  `id` int(11) NOT NULL,
  `date_start` date NOT NULL,
  `created_at` timestamp NOT NULL DEFAULT current_timestamp(),
  `updated_at` timestamp NOT NULL DEFAULT current_timestamp() ON UPDATE current_timestamp()
) ENGINE=InnoDB DEFAULT CHARSET=utf8mb4 COLLATE=utf8mb4_general_ci;

--
-- Dumping data for table `starting_class`
--

INSERT INTO `starting_class` (`id`, `date_start`, `created_at`, `updated_at`) VALUES
(8, '2024-08-12', '2024-12-17 20:03:12', '2024-12-17 20:03:12');

-- --------------------------------------------------------

--
-- Table structure for table `todo_list`
--

CREATE TABLE `todo_list` (
  `id` int(11) NOT NULL,
  `userId` int(11) NOT NULL,
  `description` text DEFAULT NULL,
  `status` enum('Pending','In Progress','Completed') DEFAULT 'Pending',
  `created_at` timestamp NOT NULL DEFAULT current_timestamp(),
  `updated_at` timestamp NOT NULL DEFAULT current_timestamp() ON UPDATE current_timestamp()
) ENGINE=InnoDB DEFAULT CHARSET=utf8mb4 COLLATE=utf8mb4_general_ci;

-- --------------------------------------------------------

--
-- Table structure for table `weekly_dtr_summary`
--

CREATE TABLE `weekly_dtr_summary` (
  `id` int(11) NOT NULL,
  `employee_name` varchar(255) NOT NULL,
  `week_start` date NOT NULL,
  `week_end` date NOT NULL,
  `total_hours` decimal(10,2) NOT NULL,
  `month_year` varchar(7) NOT NULL
) ENGINE=InnoDB DEFAULT CHARSET=utf8mb4 COLLATE=utf8mb4_general_ci;

--
-- Indexes for dumped tables
--

--
-- Indexes for table `academic_years`
--
ALTER TABLE `academic_years`
  ADD PRIMARY KEY (`academic_year_id`);

--
-- Indexes for table `department`
--
ALTER TABLE `department`
  ADD PRIMARY KEY (`id`);

--
-- Indexes for table `dtr_extracted_data`
--
ALTER TABLE `dtr_extracted_data`
  ADD PRIMARY KEY (`id`),
  ADD KEY `userId` (`userId`),
  ADD KEY `academic_year_id` (`academic_year_id`),
  ADD KEY `semester_id` (`semester_id`);

--
-- Indexes for table `employee`
--
ALTER TABLE `employee`
  ADD PRIMARY KEY (`userId`),
  ADD KEY `department` (`department`);

--
-- Indexes for table `employee_role`
--
ALTER TABLE `employee_role`
  ADD PRIMARY KEY (`id`),
  ADD KEY `employee_id` (`userId`,`role_id`),
  ADD KEY `userId` (`userId`,`role_id`),
  ADD KEY `role_id` (`role_id`);

--
-- Indexes for table `itl_extracted_data`
--
ALTER TABLE `itl_extracted_data`
  ADD PRIMARY KEY (`id`),
  ADD KEY `userId` (`userId`),
  ADD KEY `fk_academic_year_id` (`academic_year_id`),
  ADD KEY `fk_semester_id` (`semester_id`);

--
-- Indexes for table `request`
--
ALTER TABLE `request`
  ADD PRIMARY KEY (`requestId`),
  ADD KEY `userId` (`userId`);

--
-- Indexes for table `request_files`
--
ALTER TABLE `request_files`
  ADD PRIMARY KEY (`id`),
  ADD KEY `user_id` (`user_id`),
  ADD KEY `semester_id` (`semester_id`),
  ADD KEY `academic_year_id` (`academic_year_id`);

--
-- Indexes for table `role`
--
ALTER TABLE `role`
  ADD PRIMARY KEY (`roleId`);

--
-- Indexes for table `semesters`
--
ALTER TABLE `semesters`
  ADD PRIMARY KEY (`semester_id`);

--
-- Indexes for table `starting_class`
--
ALTER TABLE `starting_class`
  ADD PRIMARY KEY (`id`);

--
-- Indexes for table `todo_list`
--
ALTER TABLE `todo_list`
  ADD PRIMARY KEY (`id`),
  ADD KEY `userId` (`userId`);

--
-- Indexes for table `weekly_dtr_summary`
--
ALTER TABLE `weekly_dtr_summary`
  ADD PRIMARY KEY (`id`);

--
-- AUTO_INCREMENT for dumped tables
--

--
-- AUTO_INCREMENT for table `academic_years`
--
ALTER TABLE `academic_years`
  MODIFY `academic_year_id` int(11) NOT NULL AUTO_INCREMENT, AUTO_INCREMENT=7;

--
-- AUTO_INCREMENT for table `department`
--
ALTER TABLE `department`
  MODIFY `id` int(11) NOT NULL AUTO_INCREMENT, AUTO_INCREMENT=5;

--
-- AUTO_INCREMENT for table `dtr_extracted_data`
--
ALTER TABLE `dtr_extracted_data`
  MODIFY `id` int(11) NOT NULL AUTO_INCREMENT, AUTO_INCREMENT=35;

--
-- AUTO_INCREMENT for table `employee`
--
ALTER TABLE `employee`
  MODIFY `userId` int(11) NOT NULL AUTO_INCREMENT, AUTO_INCREMENT=244;

--
-- AUTO_INCREMENT for table `employee_role`
--
ALTER TABLE `employee_role`
  MODIFY `id` int(11) NOT NULL AUTO_INCREMENT, AUTO_INCREMENT=221;

--
-- AUTO_INCREMENT for table `itl_extracted_data`
--
ALTER TABLE `itl_extracted_data`
  MODIFY `id` int(11) NOT NULL AUTO_INCREMENT, AUTO_INCREMENT=81;

--
-- AUTO_INCREMENT for table `request`
--
ALTER TABLE `request`
  MODIFY `requestId` int(11) NOT NULL AUTO_INCREMENT, AUTO_INCREMENT=66;

--
-- AUTO_INCREMENT for table `request_files`
--
ALTER TABLE `request_files`
  MODIFY `id` int(11) NOT NULL AUTO_INCREMENT;

--
-- AUTO_INCREMENT for table `role`
--
ALTER TABLE `role`
  MODIFY `roleId` int(200) NOT NULL AUTO_INCREMENT, AUTO_INCREMENT=5;

--
-- AUTO_INCREMENT for table `semesters`
--
ALTER TABLE `semesters`
  MODIFY `semester_id` int(11) NOT NULL AUTO_INCREMENT, AUTO_INCREMENT=3;

--
-- AUTO_INCREMENT for table `starting_class`
--
ALTER TABLE `starting_class`
  MODIFY `id` int(11) NOT NULL AUTO_INCREMENT, AUTO_INCREMENT=9;

--
-- AUTO_INCREMENT for table `todo_list`
--
ALTER TABLE `todo_list`
  MODIFY `id` int(11) NOT NULL AUTO_INCREMENT;

--
-- AUTO_INCREMENT for table `weekly_dtr_summary`
--
ALTER TABLE `weekly_dtr_summary`
  MODIFY `id` int(11) NOT NULL AUTO_INCREMENT;

--
-- Constraints for dumped tables
--

--
-- Constraints for table `itl_extracted_data`
--
ALTER TABLE `itl_extracted_data`
  ADD CONSTRAINT `fk_academic_year_id` FOREIGN KEY (`academic_year_id`) REFERENCES `academic_years` (`academic_year_id`) ON DELETE SET NULL ON UPDATE CASCADE,
  ADD CONSTRAINT `fk_semester_id` FOREIGN KEY (`semester_id`) REFERENCES `semesters` (`semester_id`) ON DELETE SET NULL ON UPDATE CASCADE,
  ADD CONSTRAINT `itl_extracted_data_ibfk_1` FOREIGN KEY (`userId`) REFERENCES `employee` (`userId`) ON DELETE NO ACTION ON UPDATE NO ACTION;
COMMIT;

/*!40101 SET CHARACTER_SET_CLIENT=@OLD_CHARACTER_SET_CLIENT */;
/*!40101 SET CHARACTER_SET_RESULTS=@OLD_CHARACTER_SET_RESULTS */;
/*!40101 SET COLLATION_CONNECTION=@OLD_COLLATION_CONNECTION */;
